﻿<?xml version="1.0" encoding="utf-8"?><bwFonts xmlns:xsi="http://www.w3.org/2001/XMLSchema-instance" xmlns:xsd="http://www.w3.org/2001/XMLSchema"><font id="00" name="ArticulateBold Charset1"><glyphs><g i="0" p="%^9G5p9G$vEC$vEC5pgwxenAxevESlIIxepMxe" /><g i="1" p="#^TGhpTGzoHGSnvG9n5GDmIF5m4FLltEplDDplQCplcCKlBB3mbBCmOA8nBAQnoAwooAepoAgraBusZBHtDDHttEHt5FmtJF0t6GrsvGRrHG2rTGeqTGhp^nKCpnKbrRJrskJHtpIyuvHovgGRv2FiwEDiw8CiwUAQvEzlvLytuTxBtnxnsUw8rUwEpUw1opxNmWxwlQyEkLzMjZAijcCPiDDPi0FPifGhjvHKjpIBkkJslRJKmnK0onKCp" /><g i="2" p="#^nG$v%nGeu%kGeuDF5vzEIvwDiw4CiwYAiw7AWvizyvMyTufybu_xftJxjsJxbr%Jx6j%4B6j%4BZp4BHq7BnraB2soBzsDB3t3CntvCHtfDHt2EHtCEltaF_swFosTFOr1G$qcGbqcGjp%cG6j%yJ6j%yJ$v" /><g i="3" p="" /><g i="4" p="#^eN$v%eN3oeNBnaN7n6NEmWMgmKMUllMFlYLplkLplBKpl6KLlDJ5mkJHm2JgnWI2oOIPoOIHp%OI$v%sF$v%sF5osFznoF5nkFCm7FemWESlxEEl8EplwDplLCplfCOlMBbmuBOmdBon6B8o0BUo0BCp%0B$v%Gx$v%Gx6j%OA6j%OAVk%RAVk4BxkrB9kOBNjhCujMCbjmD$iZDPiJEPiyFPi9G$iNGbjdHwjGHQjZHekhIEktI4lYI8k_Juj1LPiuMPieNPiZN$iIObjhPKjTPhkdQflAQdmAQMn%AQ$v" /><g i="5" p="#^dG3sdG6tOFVtoFHuGEevYDMvXC1wWBiwJAiwJziwIy6wHxXv0xKv%dx_s2yntPyCtBzRtwARtoBRt2CstJC3tJCgsJCErhCjrRB_qcBMqzAxqOzlq2z8qpyLpMxlpkxGoUw_nUwPmUwMljx$kLxeksyLjazgj4A2j$APiYBPiUCPiPDYiLE4jBFhj%nFPlyEwlTDolcDgloCgllBglSAHloA5moAHmoAbnQAungBMnVB_nyCbojDqo4EFoIE5plFwpNFdqdGWqdG3s" /><g i="6" p="#^nF$vTE8wdEdwADiwWCiwYAiwTzcvPy5uPy3s%Pyzl%lwzl%lw6j%Py6j%Pyxg%aCsf%aC6j%8F6j%8Fzl%aCzl%aCBraCHsACbt$CHtODHt7EHtwEDtWEytgFmt%nF$v" /><g i="7" p="#^BGTvQF7wZEcw7EiwfDiwLBiwzAQvozlvzysuLxztjxjsUw2rUwtpUw1ojxQmLxClxyJkjzQjtAkjDBPi5DPiiEPi6FYiWF4jnGej%4GUlEFHl6FylAEplQDplYCpljCKlGB3mfBDmQAbnCAXnoAHooAwpoAlqBA6rOASrdBrsEB0tiCmtYCHtTDHtsEHt9FxtTFmtsG5t%BGTv" /><g i="8" p="#^TGwpTGHoIGXnyGbnbGDmRF3mjFKlOEpl5EplnDplPCLlfC5mSBGmtBengB_n4BJo4Bwp4B9qdBVqnBErIBgs2CUsDCitcDHt4EHtUEHtqFitZFUshGgsBGErKGVqTG9qTGwp^nKupnKMsXIxuvHiwYEiwcEiwEDaw4D2wECPvcCzvQBfvtBWu7Bwu%4Bwu%4BfB%JxfB%Jx6j%WA6j%WAXk%ZAXkIBMjJCijLDPiZEPilGPimHijnINj2JGkJJzl2KOmnK0onKup" /><g i="9" p="%^Ox$vOxed8Bed8B$v" /><g i="10" p="#^OFhoIFVm1F5mnEgl5DglGBglXA6mdAXm5Aho%OFho^5ABqaAtrvA4sQAHskB4tQBttsCFt4DRtLDRtYERt0Gtt5H5t2Iys%2Igv$GTvRF4wIEiwADiwnCiwbBZv$zEv1zTu3y5utxPsUwwrUwBpUweofx0nDxNlmyRk5zVjdAmjlBPiTCPiyEPiIFljTGSjCHSklIRlGIin$IKo$IBq" /><g i="11" p="#^cG$v%cG1pcGro8GOn5G9nUFDmIF5mfFLlOEpl0Epl8DplACQl0CemGBSmlBuncBeo4BZo4BCp%4B$v%Jx$v%Jxed%4Bed%4BSk%7BSkEB3kGCrjJDPi8FPiiGPi7HcjZHAjvIgk2JXkiJTlyJPmyJUn%yJ$v" /><g i="12" p="#^cGupcGKo0G0oQFhnrFIm2F6muEMlWDplaDplqCplTBNllB8m0BJmHAhnxA1ooAMooAwpoAbqxAXqGAGr$AhskBUsSBitoCHtdDHt4EHtEEhtdFSszFesWFBr3GTqcG8qcGup^cGfB%cGwu%9GwuvFjvEEPvODiwqCiwYAiwVzMvTyevbykuwxqtcxasUwWqUwupUw1odxPmyxAldyIkUyPjWzjjYAPinCPi0FPiiGXk%lGXk%lG6j%yJ6j%yJfB" /><g i="13" p="%^Ox$vOx6j8B6j8B$v^OxLgOxzd8Bzd8BLg" /><g i="14" p="%^Uw$vUwgtpDIlaxIlax6jnH6jnHSlZAntBHntBH$v" /><g i="15" p="#^cG$v%cG_ocGdo7Gzn2GUmOFqmyFXl6FGlGEplZDpl4DplwCRlYBhmEBXmkBBncBko4B3p4BEp%4B$v%Jx$v%Jx6j%UA6j%UASk%YASkdBskBB5kZBKjtCsjZC9jCD_igEPi7FPipHPitIdkyJClyJZn%yJ$v" /><g i="16" p="#^nFgmYE6mCE3mgE0mRD0mqC0mNBen8Bro8BEq%8B$v%Ox$v%Ox6j%MA6j%MA1m%QA1mUAulcBVkwBkk_BTjsCpj2D6jFDPilEPi2FPinFVi%nFgm" /><g i="17" p="#^cGtpcGVo2GdoVFwnyFUmcFgmCERl0Epl8DplkCplOBQlgBemYASmEAtnwAbooAVooAxpoAhqxA1rHAMr1BmsnBXsVBjtsCHtdDHtZDHtwEmt4F0tsFrsQFSr0G6rcGlqcGtp^iG$v%iGyu%fGyuwFtvvEUvvDiwgCiwTAiwRzMvPyev9yjuwxntcx9sUwWqUwupUw9oaxYmtxKl6yQkMyVjOzmjQAPiiCPiJDPiCEkjwFQjaGFk%cGFk%cGed%yJed%yJ$v" /><g i="18" p="%^Jx$vJxusdBusdB$v" /><g i="19" p="#^TGwpTGVoLGcoDGunkGSm1GemuFQlYEpl7EplfDplGCRl5CgmKBUmnBwndBdo4BVo4Btp4BmqgB8rtBWrRBusdC2tNCntlDHt4EHtMEHtiFmtQF0taGssxGUrIG7rTGmqTGwp^nKupnKPsVIzusHiw2FiwODiwNCTvMBrv0Bqu%ZAqu%ZA$v%Jx$v%Jxed%4Bed%4BMk%7BMkoBokKB2k5CHjyCqj0D8jCD_idEPiZEPinGPioHjjpIPj3JJkJJCl2KRmnK3onKup" /><g i="20" p="#^dF_fRELfwEEfcExfODxf7DxfIC0giCugiCxh%iC6j%dF6j%dFzl%iCzl%iC$v%Xy$v%Xyzl%twzl%tw6j%Xy6j%XymhXyegfzpfzzze7A1eHAudrBddcCXc5DXcIDXclE0d$E4dvFcd" /><g i="21" p="#^cGmpcGxo0GPnRF5nvFzmaF1mDEJl5EploDplUBpl8BymoAHnoArpoAbqAAUqMABr7B9svBJs0C2tyCntfDntDEntpFlscGjrcGmp^yJMuyJawcJpxTIEy4IzziHvA$F0BIEyBLCyBtByBoAjBjz5BiyGA%zyPxWy0yozcyTzoynAzyUALypBRyWBXylCXy$CXyLDMywEBy5F0yIFqxYFvwcGBvcGXt%9GXtAFWutEtvnD$v8C$vJA$vKztvLyXu6y3utxatax_rUwNqUwtpUwjocx7nwxXlay_kRy0kTzqjWAPinCPicDPiQD_isE9jVEsjnFKjIF6k2GukiGSk%lGSk%lG6j%yJ6j%yJMu" /><g i="22" p="%^0y$v0yxekIxekIhhwBhhwBAlLHAlLHlowBlowBetnIetnI$v" /><g i="23" p="#^sERw5EOxIDEykDvzMC8AcCOAnBaBzAyBnzyBOyyBayrByxlB3xcB%ixJyUxXy2zXyEzXy2AJytAwyJAayZARx4BqxcB0xcBEw%gw6j%Zz6j%4Dws%7Dws%dG6j%DJ6j" /><g i="24" p="#^LD1qaC1q7Byq5A2r5Ads5AWsAAot4BRtcCRtMCRtiDFtRDttgE2tMEys0FSrgFargF1q^AF$vwFBvuF9vsFJuqF3u%nF3ucFruQEQutEdvXDyvpDTvMC4w8CiwsBiwyAiwJz1wUyMvgyhvExOugx4uUwmtUwtsUw3rtxcq2ylpZySoUzmo3BcofC1opD1o%gF1ogFumyETlQDglqCglyBglxAzlwzRloyFm%iyNjbzojlA6jvBPiRCPiLFPi1H6kkIolkI9okIbpkIUpkIzqkI5rlICrmI2snItsnIXspIDtqIhusIWuxI$v" /><g i="25" p="%^$N$v2K$vfH9mcH9msE$vDA$vgw6jPz6jGCEsJCEskF6jdJ6j1MEs4MEsLO6jYR6j" /><g i="26" p="%^Jx$vJxusdBusdB$v^JxCmJx6jdB6jdBCm" /><g i="27" p="%^cQ$vIL$vyI1ivI1ioF$vTA$vfwxeWzxeaDusdDuscGxeYKxe1Ous4OusmRxeLUxe" /><g i="28" p="%^vF$vcBKp8BKp8B$vOx$vOxed8Bed8BgocBgocF6j9J6jlESoLJ$v" /><g i="29" p="#^nA$v%nAus%TDus%TD$v^VHIiVHsjEH6knHMkZGklAGUl4GqmBFXm8FtnyE8o5EToEDCpEDpq%EDUq%zAUqzAtp1BfowB1nICSlwD1lTDpkfENjfE8jfEui_D1iJDAhiDkhUC3hoCYgUBQgoBQglAQglz8hlyrhwxQh%fx3fbyNetzweMAeecCeepDeesExevFPegGnf1HXftHNgVHChVHIi" /></glyphs></font><font id="10" name="Articulate Charset1"><glyphs><g i="0" p="#^uLdnuL9mbLZkVKMjdKMiyJMhrI6hlHrgJFrgfErgaD0h5CAhnByiGAwjjAKkZzXlZzdnZztohAIpBAXqhBWrZBUs3DvtaE5uJF5ukH5uqIttxJRscKSrTKSqaLEpuLpouLdn^7Ogn7OmpwN2rWMJsPLUtIK2v8JGvBHiwIFiwUDiwmCIvQA5vHzYtzyOsXx6rjxppjxenjxjlTxGjry0ixzPgDACfaCWeJDeeJFeeFHeedJVeNKzfSLLgYMXhxNCj7Ogl7Ogn" /><g i="1" p="%^DI$vRArnRA$vly$vlyxeRAxeRAdmiIxeDLxepDNmhM$v" /><g i="2" p="#^vKGv$JTvsJ$vWI7woIbwTHfwoHgwVGiwxGiwqEiwJCEv0B_uPzOtDyBsZxVqjxdpjx8njx9l$xxjHyUhVzJg8BxfQCUewEeeyGeeyHeexIpexJzetK_e%hKphpJVgwIGgDHrgGGrg8FrgVDZgGCuhOBpiWAjjrAykZzNlZzenZzNouA2q$AjrTBdsMC6tZDCtaF5uyG5u1H5uyH1u4IZtAISt5JKtyJBt$JrtlKet%vKGv" /><g i="3" p="#^DHBpDHHolHQn4HZmAGjm4GElkFelAEQkEDQkICQkYBeldBElIAjmbAZmVzQnEzHoEzBpEzrqTzjr7AasCASs5BytRBZtBCouEDouGEouqFZtaGytFGSs9HasoHkrDHtqDHBp^7KCp7K0rEJesaJrtjIlusHevgGMv4FiwEDiwaCiw_AMvOzdvWyiu3yntBx9s8xXq8xzp8x9oBxYm3yKlVyRkMzYjZAsjaCXiEDXi7FXikGsjxHYjmIRkcJKlFJZm7Kbo7KCp" /><g i="4" p="#^7FclRE4ltE1l5E_kQD_kTC_kcCslyBVl7BFmJAonxAjolAeplA9q%lA$v%$x$v%$xej%bAej%bAcl%fAclrANkNAnk7BYjyBEjZBkjuC8j0DXiBDXiYDXikE_iJE0j7F6j%7Fcl" /><g i="5" p="#^fGoofGKn3G6nTFtmtFZl4FsluE8lUDQk4DQk2CQkoBglLAHlnAhm$zSmQztnGz3oEzoo%fGoo^Ez8qEz5rZzTrjAEsUActtBMteC4u$CouTDoutEou2FguEF8uaGXtIGKt6HxtxHjtNH6t%NHrv1HOv2G2w4FiwJDiwdCiw$ATvOzrvWyBu3yKtBxrs8x8r8xpp8xXnAxKm0yxlPyIkDzSjJApjQBXiaDXiJEXiNFujRG0kvH_kaIXlsIgnLIBoLI8q" /><g i="6" p="#^pGMvLF3wZEawcEiwsDiw2CiwSANvGzgvOynuWxttqxfsXw0rXwCpXweonx0nPxNlFyUkvz_jJAtjYBXivDXi8EXiUE4jEFcjiGrj%5GolLEQkADQkDCQkSBdl5BClyAgm0AVmJzNnrzEorzBprzlqFzcrTz2snAMsTAttGBXttCouFDousEou1FbuDF_tdGHt%pGMv" /><g i="7" p="#^ZEXvDE3w3EawvDiwWCiw7CiwqB6wJAWvbAuvGz2vmzku2zCt2zys%2z8l%aw8l%awej%2zej%2zhg%oBxf%oBej%MEej%ME8l%oB8l%oB3soBusuBVsBBjtRBFt5C_ttCbuRCoupDoufEouZEXt%ZEXv" /><g i="8" p="%^dy$vdyxeJAxeJA$v" /><g i="9" p="#^WG$v%WGopWGPnGGVmqG_lZFxlBF9l5F$kBEQkcEQkaDQkrCelJBEleBmmMA3nyA1olA_olA6q%lA$v%$x$v%$xej%gAej%gAgl%jAglOAhkVBCj0DXisEXiYGXi6ImkhJMlhJoo%hJ$v" /><g i="10" p="%^BFHoBF$v5D$v5DHogwxebzxeoEmmtJxepMxe" /><g i="11" p="#^TEjsTEmtuE6u5ESutDmvRCRv1C3wdBiwnAiwqziwCy9wOx0wWwBv%2xutzxPtny6ubzou$zou0BouHBXtnCttnCBsnCeseCZr5CHrOBrrvBar$AUqvACqMzgqfz0qJyJpbyppNx0pnxCo6x4oRwxnRwPmRw0l2y_jfzXisBXi5CXiRC5jBDejgErj%4EulODklsDdl7D6lMC1lqCXk6CUkOBQkABQkDAQk_zellzEllzmmlz9nXzDnyA5oGBBosCXo1DipDDEp1E3qsEuqFE2rTEBrTEjs" /><g i="12" p="%^FI$vLAEhHAEhHA$vby$vbyxeBBxeiJBslJBslJxeSLxeSL$v" /></glyphs></font><font id="20" name="Articulate"><glyphs><g i="0" p="#^tGjjtGYhuFlhvEKgRCKg%zAKg%zA1m%OC1mAD1mfESlWEHlpFllVF_kbGuktG_jtGjj^GH$v%ZEUpyEZo$DCosDeotCeo%zAeo%zA$v%3y$v%3yxe%oCxeODxe0FIefGTe9Hpf4IXfBISg7JNh7Jhj7J9kPIRkvIwl$H$lvHumRGOmcG6nwFen%wFhnaGwnyGZnWGpocH_o%xK$v" /><g i="1" p="#^fGoofGKn3G6nTFtmtFZl4FsluE8lUDQk4DQk2CQkoBglLAHlnAhm$zSmQztnGz3oEzoo%fGoo^Ez8qEz5rZzTrjAEsUActtBMteC4u$CouTDoutEou2FguEF8uaGXtIGKt6HxtxHjtNH6t%NHrv1HOv2G2w4FiwJDiwdCiw$ATvOzrvWyBu3yKtBxrs8x8r8xpp8xXnAxKm0yxlPyIkDzSjJApjQBXiaDXiJEXiNFujRG0kvH_kaIXlsIgnLIBoLI8q" /><g i="2" p="#^TEjsTEmtuE6u5ESutDmvRCRv1C3wdBiwnAiwqziwCy9wOx0wWwBv%2xutzxPtny6ubzou$zou0BouHBXtnCttnCBsnCeseCZr5CHrOBrrvBar$AUqvACqMzgqfz0qJyJpbyppNx0pnxCo6x4oRwxnRwPmRw0l2y_jfzXisBXi5CXiRC5jBDejgErj%4EulODklsDdl7D6lMC1lqCXk6CUkOBQkABQkDAQk_zellzEllzmmlz9nXzDnyA5oGBBosCXo1DipDDEp1E3qsEuqFE2rTEBrTEjs" /><g i="3" p="#^$G$v%$GZt%YGZtLGounGPu$FdvtFzvYEUvgE5wADiwMCiwlAiwazTu$xrt$xPq%$xej%lAej%lAHplAxqoAarrAOrzAhsHAMsUA7t5BttnBKtIB3uaCeuECou8DouYEouXF0tWGErWG8p%WGej%hJej%hJ$v" /><g i="4" p="%^iy$viyedEAedEA$v" /><g i="5" p="#^ZEXvDE3w3EawvDiwWCiw7CiwqB6wJAWvbAuvGz2vmzku2zCt2zys%2z8l%aw8l%awej%2zej%2zhg%oBxf%oBej%MEej%ME8l%oB8l%oB3soBusuBVsBBjtRBFt5C_ttCbuRCoupDoufEouZEXt%ZEXv" /><g i="6" p="#^vKGv$JTvsJ$vWI7woIbwTHfwoHgwVGiwxGiwqEiwJCEv0B_uPzOtDyBsZxVqjxdpjx8njx9l$xxjHyUhVzJg8BxfQCUewEeeyGeeyHeexIpexJzetK_e%hKphpJVgwIGgDHrgGGrg8FrgVDZgGCuhOBpiWAjjrAykZzNlZzenZzNouA2q$AjrTBdsMC6tZDCtaF5uyG5u1H5uyH1u4IZtAISt5JKtyJBt$JrtlKet%vKGv" /><g i="7" p="#^DHBpDHHolHQn4HZmAGjm4GElkFelAEQkEDQkICQkYBeldBElIAjmbAZmVzQnEzHoEzBpEzrqTzjr7AasCASs5BytRBZtBCouEDouGEouqFZtaGytFGSs9HasoHkrDHtqDHBp^7KCp7K0rEJesaJrtjIlusHevgGMv4FiwEDiwaCiw_AMvOzdvWyiu3yntBx9s8xXq8xzp8x9oBxYm3yKlVyRkMzYjZAsjaCXiEDXi7FXikGsjxHYjmIRkcJKlFJZm7Kbo7KCp" /><g i="8" p="#^WG$v%WGopWGPnGGVmqG_lZFxlBF9l5F$kBEQkcEQkaDQkrCelJBEleBmmMA3nyA1olA_olA6q%lA$v%$x$v%$xej%gAej%gAgl%jAglOAhkVBCj0DXisEXiYGXi6ImkhJMlhJoo%hJ$v" /><g i="9" p="#^WGKpWGNoHGVntG0n$FlmyFFlREfl8EQkdDQkkCQkFBgl$AIlyAom5A3nSzVnEzKoEzzpEzwqUzlr8AasCANs4BntKBKtoC5ucD5u$D5uGEMtlFqtRFRslGgsDGtrWGFqWGKp^hJwvhJixKIsycIDzhHjAnG$AaFgBZDyBGCyBlByBgAiBbz2B7yGA%nyvy$yMyxzZy3AbzBAlz7BvzHBzzfCEzWCEzODEzxEmzgF5zOFyykG$xDGaxWGlwWGdv%WG0u%TG0udGUu6Fsv0E$vDC$v7B$v4Aqv2zRunyXtJx0tqxVr8xNq8xHp8xCosxqnMxemsyel8zekeABjkBXiTCXivDXi5E2jIE8jfFojOFEjfG3kIGuk2H8l%5H8l%5Hej%hJej%hJwv" /><g i="10" p="#^7FclRE4ltE1l5E_kQD_kTC_kcCslyBVl7BFmJAonxAjolAeplA9q%lA$v%$x$v%$xej%bAej%bAcl%fAclrANkNAnk7BYjyBEjZBkjuC8j0DXiBDXiYDXikE_iJE0j7F6j%7Fcl" /><g i="11" p="#^AFVpdFVpNEUplESpZDSp4DSphC$pvB8qVArqjAKqZzcrEzGrEzisEzKsRz7t2AvtmAOtHA5u6BfuyBou0Cou4DouMD3usEJtREdtfFJspF9sAFBrAF8r^QF$v%QFlu%MFluwFHu9F2vOEoviEGvODXvaD6wyCiwOBiwWAiw5A6wgzWvBytvXx0vxxfu8xut8xls8x5rKxhqlytpez_o8AuobBiofC6o7D6o8E6oGE7ocF8oAF9oyFBntF$moFpm4FWlMErl8E8lwDQkqCQk8BQkaAgldzIlJy8m%By8kWyYjkzLjLzxjgAljOA9jrB2j5CXiUCXilEXijFkjhGIjRGpkqH6lGH5mWH3nWHeo%WHetWHHtWHquWH8v1I$v" /><g i="12" p="%^iy$viyejEAejEA$v^8yng8yKdOAKdOAng" /><g i="13" p="%^Lyjzvwjz3ybtTAbt" /><g i="14" p="" /><g i="15" p="#^$CnxJC8ylCUyZBEzrBeAWAQAdAbBwzyByyyB7yyBGxvBdxsBUwlB%2xrzlxzzCxBzTxEz8yEzEyEz1zrzrzfzMzWy5ABykA9yzAJxLAgxQA3xUARwYADwYAtwYAiwQA2wJAOvGACv%awej%Lyej%aCOt%dCOt%JFej%5Iej" /><g i="16" p="#^DHxpDHlnHG5mMFQk7EQk5DQknChlGBKldBqmMA6nyAZnlAPolACplArqzAirOA8sfBQsIBvtpCYt7Dou5EouTEouwF1uaGGtDG0t5HmsmHurDHBqDHxp^7Kop7KNqNJ2ssJitMIfu5Ibv3HLv1GiwDEiw$Ciw_BKvZAavoAeu%lAeu%lAfB%$xfB%$xej%fAej%fA1l%iA1lRAckYBAj4DXiAEXiYFXi$Gsj2IYjKIQkqJIlMJUm7K3o7Kop" /><g i="17" p="#^WGCpWGKoHGTntG0n_FlmwFFlOEfl5EQk7DQkqBQkxA9mEztnEzzpEzrqRzjr3AaswASsZAytDBZtiCoucDouaEouTEXtBFut2GOsvG6sIGgrWGpqWGCp^1H$v%1Hbu%ZGbuLGzulGXuYFjvoFDvREWv8E6wsDiwDCiwaBiw7AIv5z6vqy8uMxatsxXr8xHq8xop8x3ouxUmRxIlxyQkdzYjfAsjiBXiGCXilEXilFxjlG6kTG_k%WG_k%WGed%hJed%hJ$v" /><g i="18" p="%^3y$v3ybtTAbtTA$v" /><g i="19" p="%^BFHoBF$v5D$v5DHogwxebzxeoEmmtJxepMxe" /><g i="20" p="#^kH6rkHZr2HUsNGOt2GzukFjv4EPvRCiwYAiw3Aiw9z3wfyRvnxzv%DxetryBtqzRtqA5ugB5uTB5utCWt4DKtzDot2E2tmEwsGE_rGEirGEPqxEoqoEZp0EzpFD9p0DMooCmooBVntAwnHz3nWyBmmy0mOxrluxIkaxYjaxYiaxUhzx0hZx7gIyvfrzTesAzetBeeJCeeMDeeKEpeIFAevGSe%9G9hcFLguEBgMDrgYCrgtBrgEA1hPzChPzIiPzBjtAfk8BUkDCzlFD3mxEzmqF3n1GInFGlo_GapkH_pkH6r" /><g i="21" p="#^pGMvLF3wZEawcEiwsDiw2CiwSANvGzgvOynuWxttqxfsXw0rXwCpXweonx0nPxNlFyUkvz_jJAtjYBXivDXi8EXiUE4jEFcjiGrj%5GolLEQkADQkDCQkSBdl5BClyAgm0AVmJzNnrzEorzBprzlqFzcrTz2snAMsTAttGBXttCouFDousEou1FbuDF_tdGHt%pGMv" /><g i="22" p="%^3y$v3ybtTAbtTA$v^3y1m3yejTAejTA1m" /><g i="23" p="%^ED$vRA$vgwejRyejiCDtlCDtTFejdIej" /><g i="24" p="%^qM$vIJ$vpGhllGhl7D$voA$viwejTyejOBOtRBOt5FejTHej4LOt7LOteOejxQej" /><g i="25" p="#^uLdnuL9mbLZkVKMjdKMiyJMhrI6hlHrgJFrgfErgaD0h5CAhnByiGAwjjAKkZzXlZzdnZztohAIpBAXqhBWrZBUs3DvtaE5uJF5ukH5uqIttxJRscKSrTKSqaLEpuLpouLdn^7Ogn7OmqTMtsDLzuqJyv%uNdz%nKdz%7HbwNGfwqGgw4GiwIFiwUDiwmCIvQA5vHzYtzyOsXx6rjxppjxenjxjlTxGjry0ixzPgDACfaCWeJDeeJFeeFHeedJVeNKzfSLLgYMXhxNCj7Ogl7Ogn" /><g i="26" p="%^3x$v3xXtqE8lqx8lqxej9Hej9HhlOz5uqH5uqH$v" /><g i="27" p="#^DHxpDHlnHG5mLFQk8EQkaDQksCflLBFlgBlmOA0nzATnlAKolACplAwqAAnrQAdshBUsLBztrC_t8Dou5EouUEouyF0ucGDtFGZs7HjsnHrrDHzqDHxp^7Kop7KJqPJYrvJbtQI9uaI6v7HIv5GiwEEiwQDiw7D6wqCWvTBDvlBjvXAXuyAzuiAbu%fAbu%fA$v%$x$v%$xed%lAed%lA_k%oA_kYA4kYBwjYCXiDEXi1GXi3Huj5I0kMIVksJNlNJYm7K6o7Kop" /><g i="28" p="#^WG$v%WGjpWGSnHGYmsG1mYFxlyF8l3F_kAEQkcEQkaDQkrCelJBEleBmmMA3nyA1olA_olA6q%lA$v%$x$v%$xed%lAed%lA3l%oA3lDAIkZAkkkBYjQBEjkCkj_C8jEDXitEXiYGXi6ImkhJMlhJoo%hJ$v" /><g i="29" p="%^ZEUgvBxpsIxp^1L$vfJBrHABrWy$viw$vLDxenGxeLN$v" /><g i="30" p="#^WN$v%WNroWNUnRNfnNNCmxN4mhNxlQMblnMQkDLQk5KQkbJ6miIoniICp%iI$v%YF$v%YFpoYFwmkFGlJEQkEDQk7CQkdB6mjAonjAHp%jA$v%Zx$v%Zxej%aAej%aA4l%dA4lrAKkLAlk4BYjyBEj0CkjHC8jnDXigEXiOEXikF4jTFcjmGwjRGPjfHikFHMkVHpl7IVkwItkWI0krJGjZJkjBK8jeLXiTLXi6NXiXNjjNOHjiPmkQP0l2QUlhQMmhQKn%hQ$v" /><g i="31" p="%^XwdqXwjonDjonDdq" /><g i="32" p="%^2G$vlArplA$v$x$v$xedlAedlApotFejGIejLCUoqJ$v" /><g i="33" p="#^OLPoOLeqsLBr7LXskK$tyJ2vfIGvYGiw2FiwxDiwhCSv2Bqv8AwufzBtLyasfyKqfyMo%fyxe%LAxe%LAuoLAtrSBNsZC5u0F5uiH5uiIGsiJeriJmo%iJxe%OLxe%OLPo" /><g i="34" p="#^gF_eMEQefEQeWCQeoCvfTB9gTBVh%TBej%fFej%fF8l%TB8l%TB$v%wz$v%wz8l%ww8l%wwej%wzej%wz3iwzNgJzQfXzSerAdeYAAdMBgdBCXcQDXcAEXcnF4d" /><g i="35" p="#^EAJwEA5zPzjA$yyB$wyBzwyBawwBOvvBBvsB%GvqzTvtz8wuzqwvzDwvz7xvzrxfzMx$yYxBy8ybydyHxiybxiyJw%iyej%EAej%EAJw^8yng%8yKd%OAKd%OAng" /><g i="36" p="%^nyFknyxezAxezAFk" /><g i="37" p="%^dy$vdyxeJAxeJA$v" /><g i="38" p="%^cEKgcE$vIB$vIBKggwKggwxeDJxeDJKg" /><g i="39" p="%^tz$vtzbtgCbtgC$v^YB5rOz5rtzxegCxe" /><g i="40" p="#^yGNjyGXibGmiQFNhfFqhGE3hZDVggDKgBCKg%zAKg%zAPm%YCPmGEPmCF_lyG8lyGNj^cJKjcJblHIcmaIdnjHRnsGtokFLodE0p$C0p%zA0p%zA$v%3y$v%3yxe%GCxe7ExekFQeyG7foHLffIngJInhcJmicJKj" /><g i="41" p="%^by$vbyxeHAxeHAOt$HOt$H$v" /><g i="42" p="#^YFYjYFjjLFGiyF0i9FuhMEYgbEDgDDhgTChg5ChgwBBgYAUgzAohaAUhZzyiMzcjMzYjMzzkXzal7ANluAimRAPmnB8nWBtnGCtnfEtn5FtmYFslYFYj^BICmBIoogI7qYHSr8HetkGBuYEsvBDiwwBiw5BiwCAfw7AdwDz8w8z3wHyZvfyTvWxKv%gyvtXyStIz2utAeuqBeuBCeuuDKtoEdt$ElsDFtrXFjqfG9pfGUn%cGVnfFRokEbppDwpkCwp4Bwp5A5p7zFosyVnOx9nsx9m7x9l7x0k7xEizxzh$xugLyLfvz$ewADeyBeeLCeewEeeFFZeOGHfrHTg5I3ilIzjBI3lBICm" /><g i="43" p="%^AP$vmM$vyIKgvIKgGE$vkB$v2wxeOyxeZCut0DutLGxeiKxe4Out7OutjSxeYUxe" /><g i="44" p="#^TA$v%TAbt%FDbt%FD$v^pHMipH4kOG5lcG5mfFbnLEMnpEco4EEoSD0pEDopyDMpsD8qsDzq%sD5r%5B5r%5Buq5BRpcBkpkBPozBmoOBUn9CrnwC_m0DpmQDxlhEHkLEQjLEXiLEgiuEOhdEjhND0hlDIgOCAgfCrgEBrgrArgtzKgvy1h0yrh%Rx3fqyNewzweDAee$Bee2Dee0Exe$EQeLFqfvG$fYGRgpHHhpHMi" /><g i="45" p="#^uLdnuL9mbLZkVKMjdKMiyJMhrI6hlHrgJFrgfErgaD0h5CAhnByiGAwjjAKkZzXlZzdnZztohAIpBAXqhBWrZBUs3DvtaE5uJF5ukH5uqIttxJRscKSrTKSqaLEpuLpouLdn^7Ogn7OmpwN2rWMJsPLUtIK2v8JGvBHiwIFiwUDiwmCIvQA5vHzYtzyOsXx6rjxppjxenjxjlTxGjry0ixzPgDACfaCWeJDeeJFeeFHeedJVeNKzfSLLgYMXhxNCj7Ogl7Ogn" /><g i="46" p="%^lF$vcC_q2z$vfw$vRAjpHwejDzejoCNndFejRHejLDjpfI$v" /><g i="47" p="%^zAKgzARl2HRl2H1ozA1ozA$v3y$v3yxelHxelHKg" /><g i="48" p="%^$v7z$vTxvITxvI7z" /></glyphs></font><font id="30" name="Courier New"><glyphs><g i="0" p="#^oBql%YGqlkHqluHAlEHJlEHYlEHamuHjmkHsmYGsm%oBsm%oBhtoBau5CNuPCnvcEnveFnvrG3vFHLukImuzIcuJIcuWIcu3JmudJvudJIudJUu2J2vFIsv8HWvEFowgEowtCowpByvlAIulAht%lAsm%sysm5ysmXxjmNxamNxXlNxJlXxAl5yqlsyql%lAql%lAoilA1iuAThEAIhSAIh5BIheBThoB1ioBoi" /><g i="1" p="#^7AGg%7A_m5BWl_BvlUC3l$D3lcF3l1GulTGUlqHMm_HEn_HCo%_HZu%8JZuwJZuGJ6vQJfvQJuvQJIvGJSvwJ$v8J$v%PF$vqF$vgFSv6FIv6Fuv6FfvgF6vqFZuPFZu%YGZu%YGHoYGzn9GQmmF4mWD4mOC4m0CDmrB0n7Ato%7AZu%hBZuEBZuOB6vZBfvZBuvZBIvOBSvEB$vhB$v%Xx$vzx$vpxSvfxIvfxuvfxfvpx6vzxZuXxZu%5zZu%5zIh%JxIhlxIhbxzh1xqh1xbh1xZgbxQglxGgJxGg" /><g i="2" p="#^$D9g%$DPi%uCPi%uC9g^1Eql%1EZu%3IZurIZuBI6vMIfvMIuvMIIvBISvrI$v3I$v%_y$vCy$vsySviyIviyuviyfvsy6vCyZu_yZu%0DZu%0Dsm%0AsmFzsmuzjmkzamkzYlkzJluzAlEzql0Aql" /><g i="3" p="#^TG5mTGKl0HAlaHqloHqlDHqlMHAlWHKlWH6m%WHTnWHeoMHpoDHzooHzobHzo2HroVGioTGZnPGfn7GNm7F5mtD5mLB5mOANm4Ajn4AYn4AHoXAbpwBwp9DIpiFXp7GeqjHFqUHqrtIastI2ttImucHnvXFowxDow5Bowyz9vyzAvvzIvszQvjzWvbz$v1z$vPy$vFyRvwyGvwyjv%wyctwyQsFyGsOyws1zwsfzwspzGszzPszz4tzzEtRz0ugABubB_u7CnvuDnvuFnvsGDurHTtrH2trH5ssGxrsFYqxDMqDBzqOAfqZzWpvzip2zFo2zWn2zCmkARlDB3lqD3lyF3lTG5m" /><g i="4" p="#^MHsm%MH6mMHKlVHAl3IqlhIqlwIqlFIAlPIKlPI6m%PIroOIPoFIZowI7phI7p4I7pXH_oOHRoMHwoIHFnDGTmzF5mLD5mtB5mhAxn6zYo6zOq6zNspA4uJBnvODnv_EnvdGXutHuutIwtJIgtWIgt7JgtgJptpJytpJMtpJhuaI5vbGowLDowfBowFzPu4yet4yOq4ykoIzImlB3lPD3laG3lMHsm" /><g i="5" p="#^rG$v%rGwucEowGBowQzowNytvLxxuLxatLxHr6zAqtAtp6DtpPDtpEEzpuFEprGRp%rGborGlnFFJmTE5mjD5m7C5mYzNmzzVmszVmgzVm7zMm_yDm_yom_ybm6z3mhzUltAzloC3lmD3ljF3loG0muHZmuHbo%uHZu%RIZudJZunJ6vyJfvyJuvyJIvnJSvdJ$vRI$v^rGUqJFHqVEBq6EuqdDuq_AuqKzsrNyasNyatNy5uvzKueAnvDBnvYCnv5ERueFjurG8t" /><g i="6" p="#^gCql%gC0ogEcmgFHlgGal5Hal0IalOINlBJomBJJmBJYmrJ6nhJfn2JfnXIfnRIdnMIanxIXm6IvmNHlmtHbm9HbmuGbmxFKmBEgngCmp%gCZu%PGZubHZulH6vvHfvvHuvvHIvlHSvbH$vPG$v%My$voy$veySv4yJv4yuv4yhvey8voy$uMy$u%eB$u%eBsm%lzsm_ysmQyjmGyamGyXlGyJlPyAlZyqllzql" /><g i="7" p="" /><g i="8" p="#^dJKqdJ4tyHKuTFowvDow6BowrzKuMx3tMxKqMxoorzKm6B3lvD3lTF3lyHJmdJnodJKq^bIKqbIOoPGsnrF5muD5mxB5m9AsnNyPoNyKqNyEs9A0uxBnvuDnvrFnvPG0ubIEsbIKq" /><g i="9" p="#^0EGg%0EZu%2IZuqIZuAI6vKIfvKIuvKIIvAISvqI$v2I$v%Yy$vBy$vrySvhyIvhyuvhyfvry6vByZuYyZu%_CZu%_CIh%1AIhGzIhvzzhlzqhlzbhlzZgvzQgFzGg1AGg" /><g i="10" p="#^$H6j%$Hoi$H1i8IThhIIhwIIhLIIhUITh1J1i1Joi%1Jel1JClUINlLIXlwIXljIXlaINl1IDl$HjlXHhkUGvjuFpiGDpiuCpirBXiFAjjbASjozPkVyZlzyQmzyVn%zyHpzy_rdAHtUBnv4EnvpFnvrGOuuHdutI3tGIPsXIPs9JPshJYsqJ4tqJhtqJztUI8uUHgvEGQvoFow6Eow$CowSBZvZAEvoAcvQzMu_yJt9yFsRxNryxVqyxRp%yxLnyxemmyFkaz4jAAei_BnhEDnhaGnh$H6j" /><g i="11" p="#^wIGg%wIZu%UJZugKZuqK6vAKfvAKuvAKIvqKSvgK$vUJ$v%uH$v%uHYtIFowYCowzBowhAFv$yWugyztxxbsxxKqxxgpgyVn$yymhAPlzB3lZC3lEF3luHvn%uHIh%6GIhKFIhAFzhqFqhqFbhqFZgAFQgKFGg6GGg^uHKquHNo9GrnRE5m1D5mbB5mTzrnzyNozyKqzyFsTz0ubBnv1DnvREnv9G0uuHFsuHKq" /><g i="12" p="#^2JYq%ByYqSyXsfA9uFBnvJDnvSEnv6G$unHCuaI_tpIPtAIPtMIPtVIZt3J6u3Jju3JxuTIJuhIkvNGSviFowJDow4BowjzGuzxXszxuqzxfoczFmSA3liD3lPF3lrHIm3Jlo2JYq^$HVpIHdooG9n5F5miD5mwB5mcA8nVyboCyVp" /><g i="13" p="#^tBjs%OEjs%aB2zRAFznAFz3AFzRzrzEzezEzVyEzOyGzFy" /><g i="14" p="#^9HKi%9Hoi9H1iiHThrHIhGHIhVHIh2IThbI1ibIoi%bI$kbInl2IxlVHHlGHHlsHHljHylaHol9H3l5H2k5Gej6FpivDpiOBpiOAhjOz9kOzklOzYl4AsmmAYmQAgniBznTBMntCYnID9oOFvoBGRoFHkpbIaqKI0rKI9sKIWtkH9vWFowyDowTAowhzJu%hzjvhzGv8zRv$y$vMy$vyy$voyRvfyGvfyjv%fyusfy5soyXrxyNrMyNr_yNr7zXrgz4shzpslzxtuAsuDBnvyDnvuFnvBGpuJHrtJH7sJHjrhHHqSG3q0GHpqFrpAD7p0BHoVzPnNyXmNyjlNyIj3AyilBnhtDnhCFnh9HKi" /><g i="15" p="#^aAql%aAZmfBUl6Cul_C3l4E3lfF3lcGzlUGWlrHNm$HDn$Hwo%$HZu%TIZueJZuoJ6vyJfvyJuvyJIvoJSveJ$vTI$v%7G$vLF$vAFSvqFIvqFuvqFfvAF6vLFZu7GZu%_GZu%_GHo_GBnbGRmoF5m3E5m2D5miCvmzBVmaAxo%aAZu%lBZuIBZuSB6v0Cfv0Cuv0CIvSBSvIB$vlB$v%$x$vDx$vtxSvjxIvjxuvjxfvtx6vDxZu$xZu%9zZu%9zsm%hysmWxsmMxjmCxamCxXlCxJlMxAlWxqlhyql" /><g i="16" p="#^XGin%XGql%lJqlJJqlTJAl1KJl1KYl1KamTJjmJJsmlJsm%ZHsm%ZHIwZHJxxHxyeH3zyGEzTFdAjFsALEIAPDIA%VAIAxAIAnAzAdAqAdAbAdAYznAPzxAGzVAGz%RDGzLEGztFczcGLyGGSxXGlxXGyw%XGutiFKvHCKvAAKv2zauwxBswxoqwxbo2zDmAA3lHC3liF3lXGin^XGoqXGAoIFlntE5mLC5m0B5mNzlnzyBozyoqzycsNzst0BIuLCIutEIuIFstXGcsXGoq" /><g i="17" p="#^$G$v%$GuuVEowtCowYAowaAAvazvuaz4t%azsm%Nxsmqxsmgxjm6xam6xXl6xJlgxAlqxqlNxql%bAql%bA4tbA4uQAKutBnvpCnvWEnv$G4t%$Gsm%6FsmLEsmAEjmqEamqEXlqEJlAEAlLEql6Fql%1Iql%1IZu%UIZugJZuqJ6vAJfvAJuvAJIvqJSvgJ$vUI$v" /><g i="18" p="#^DzGg%DztnuB3l6E3lmG3lYHHmyJjoyJHqyJ4tWHKujGow6EowqBowDz_t%Dz$v%dx$vSw$vIwSvywIvywuvywfvIw6vSwZudxZu%CyZu%CyIh%dxIhSwIhIwzhywqhywbhywZgIwQgSwGgdxGg^xIKqxIOocHsnTF5m4E5miC5mZAsnEzOoEzKqEzFsZA0uiCnv4EnvTFnvcH0uxIFsxIKq" /><g i="19" p="#^Dzql%DzhnyAamBBDlEC3l4E3lBF3lTGMl9ItmRIKnyJ$oyJoqyJBsZHauoGKv4EKvlBKvDzvt%DzGz%7CGzuCGzECPzOCYzOCbAOCpAECyAuCIA7CIA%dxIASwIAIwzAywqAywbAywYzIwPzSwGzdxGz%CyGz%Cysm%dxsmSwsmIwjmywamywXlywJlIwAlSwqldxql^wIoqwIDodHmnXF5m4E5mdC5mWAmnDzDoDzoqDz9sWArtdCIu4EIuWFIudHrtwIaswIoq" /><g i="20" p="#^5EVptDspgD1p_Cvo_CKn%_Clj_CFiACdibCMhABIhbBGh4BzhWAphWAbhWAZg4BQgeBGgxBGgwCGg8Dih0E7i0Elj%0EKn0EpoqEToQEkpsFnpNFppWFyp3GHp3GVp3G9qWFiqNFqqsFtqPEwqpEZq0Eqr0E5s%0Evw0EExhDpyyCazxBazeBaz4B0zWATyWAEyWAqy4BhybBayAB7ybC3yACCx_C9x_Cuw%_C5s_CkrdDSqtDnq5EVp" /></glyphs></font><font id="40" name="ArticulateBold"><glyphs><g i="0" p="#^JKKvIJ0wEI9wAHiwJGiwMEiw1DPviBjv_zguHydtWxzraxUpaxwnaxklPxCjtyUhHzIgWAvfHCTetEeeLGeeRHeeVIseZJFeIKYe%sKVhLJuhQIehWH_gNG_gcF_g3EzhWC8icC2jvBXj9B3lQAbmQAhnQAHofBRpGB_qrCPrdDEsiE5toFytJGyt5HytAHwt4IttBIot7JitEJ9t9K0tAKPs%JKKv" /><g i="1" p="#^TGhpTGzoHGSnvG9n5GDmIF5m4FLltEplDDplQCplcCKlBB3mbBCmOA8nBAQnoAwooAepoAgraBusZBHtDDHttEHt5FmtJF0t6GrsvGRrHG2rTGeqTGhp^nKCpnKbrRJrskJHtpIyuvHovgGRv2FiwEDiw8CiwUAQvEzlvLytuTxBtnxnsUw8rUwEpUw1opxNmWxwlQyEkLzMjZAijcCPiDDPi0FPifGhjvHKjpIBkkJslRJKmnK0onKCp" /><g i="2" p="#^nFgmYE6mCE3mgE0mRD0mqC0mNBen8Bro8BEq%8B$v%Ox$v%Ox6j%MA6j%MA1m%QA1mUAulcBVkwBkk_BTjsCpj2D6jFDPilEPi2FPinFVi%nFgm" /><g i="3" p="#^OFhoIFVm1F5mnEgl5DglGBglXA6mdAXm5Aho%OFho^5ABqaAtrvA4sQAHskB4tQBttsCFt4DRtLDRtYERt0Gtt5H5t2Iys%2Igv$GTvRF4wIEiwADiwnCiwbBZv$zEv1zTu3y5utxPsUwwrUwBpUweofx0nDxNlmyRk5zVjdAmjlBPiTCPiyEPiIFljTGSjCHSklIRlGIin$IKo$IBq" /><g i="4" p="#^BGTvQF7wZEcw7EiwfDiwLBiwzAQvozlvzysuLxztjxjsUw2rUwtpUw1ojxQmLxClxyJkjzQjtAkjDBPi5DPiiEPi6FYiWF4jnGej%4GUlEFHl6FylAEplQDplYCpljCKlGB3mfBDmQAbnCAXnoAHooAwpoAlqBA6rOASrdBrsEB0tiCmtYCHtTDHtsEHt9FxtTFmtsG5t%BGTv" /><g i="5" p="#^nF$vTE8wdEdwADiwWCiwYAiwTzcvPy5uPy3s%Pyzl%lwzl%lw6j%Py6j%Pyxg%aCsf%aC6j%8F6j%8Fzl%aCzl%aCBraCHsACbt$CHtODHt7EHtwEDtWEytgFmt%nF$v" /><g i="6" p="%^Jx$vJxxedBxedB$v" /><g i="7" p="#^cG$v%cG_ocGdo7Gzn2GUmOFqmyFXl6FGlGEplZDpl4DplwCRlYBhmEBXmkBBncBko4B3p4BEp%4B$v%Jx$v%Jx6j%UA6j%UASk%YASkdBskBB5kZBKjtCsjZC9jCD_igEPi7FPipHPitIdkyJClyJZn%yJ$v" /></glyphs></font><font id="50" name="Courier NewBold"><glyphs><g i="0" p="#^RzmvwzLvjzSv6zZvPyZveyZvUxBvyxcvyxju%yxDsyxJrUxlreyYqPyYqfzYqyzbrRzqr$zZraAvslAIsHA4tBBttvCStADStfFStjG4t$GBs$GVr$GrrGG1rlGDqBFmq6FaqqDSpmBtpjAXogzpoFyrn2ysm2yjl2ywjyzai2BPgsDPgqEPgeF1h3GfhJGHhdHchJHchgIchCIBhYI_hYITi%YILkYIFlCI1mgIpmJHpmfHpmVG8mEGXlvGjlnGHk9GqkPFYj5FEjnEkjtDkj6CkjjBYjxAAkxAglxAJlSA9mbBBmOBRmdC0n8Eon3GMn5Hdo7IGoPIEpvJBqvJWrvJNtbIUusGmwMDmwKCmwLB6wMASvRzmv" /><g i="1" p="#^VA9g%VAvlHB1luCPkiDAk6EAkpFAkqG0lrHsl5IpmMIlnMIOo%MIutJJut$JGtBK2uBKLuBKivcKFvQJ$vXI$v%4G$vbF$vOEFvqEivqEKuqE2u$EGtjFutfGut%fGZofG$nPFCneF4n6E4nhD4nECpn$BKnVAOo%VAutTBut9CGtLC2uLCLuLCivmCFv_B$v4B$v%ey$vkx$vXwFvzwivzwKuzw2uaxGtsxutpyut%pyFi%_xFi4xFiHwjijwZhjwphjwSgHwwg4x9g_x9g" /><g i="2" p="#^nE9g%nEPi%pBPi%pB9g^KEVk%KEut%KHutEIut0JRtpJbupJLupJiv0JFvEI$vKH$v%ez$vky$vXxFvzxivzxKuzxbuXxRtkyutezut%eCut%eCpn%dApnkzpnXy3nyyJmyy9myyClWygljzVkdAVk" /><g i="3" p="#^ZCVk%ZCtmyEklsFYknGAk9HAknIAkxJuljK5mjKKmjKgnXJEnzJ0o2J0oAI0o3IynyH4n9H4nDG4nAFLnxEpoZCJp%ZCut%yGutrHutQHRtdIbudILudIivQHFvrH$vyG$v%_y$v4y$vHxFvjxivjxKujxbuHxRt4yut_yut%tAut%tApn%zzpnGypnhy3nUxJmUx9mUxClhyglGyVkzzVk" /><g i="4" p="#^TCpn%TCqsTCetcDutJDUt1FUtYGUtAI4tcJLsyJLs2KLspK7tMKutMK0uMKvunKSuNJrv0IWvfGow1FowICowxBovnAnunAWs%nApn%tzpnzypnay3nOxJmOx9mOxClayglzyVktzVk%nAVk%nAFinALhJAnh4B_gDB_gbC_gxCnhTCLhTCFi%TCVk%vHVkpIVkNIglaJClaJamaJJmNI3npIpnvHpn" /><g i="5" p="#^BCVpBCNniDBlQD_jWE$hJFBg5GgguGXfXGXfuHXfRHjgdIGgdIbhdIyhWH1iBGbk_F4moFZnoFVpoFSr_FMtBGFvWHPxdIhydIFydIazRHxzuHVzXGVzuGVz9GCzFFazSEHxHDxvgD7uBCZrBCVp" /><g i="6" p="" /><g i="7" p="#^qKvD%GwvDMvvDov9D$uPC$ufC$uHBovlBMv$AGw$A%qK$AjL$AHLlB4MHB4MfC4MOCIL8DkLvDqKvD" /><g i="8" p="#^zEVpzE2sSDfukDSveCQxrBez3BzzHAVzdAVzGzVzjzxzYyazYyFyYyhyezPxzAFv9BMtMBSrMBVpMBZn9B4mzAbkez1iYyyhYybhYyGgjzjgGzXfdAXfGAXf0BegvBEgiC9itDjkUDIlzESnzEVp" /><g i="9" p="#^$DWprEqqBEUqLEmrLEqs%LEowLEUwXE6x8FkxEFmx9GpxuGLxPG6yPGDyPGazrGxz4GVzvFVzHEVzWDtzaD1zCC3yfCqxfCzw%fCasfCEr4CsrVBfrlBbrOA7ruAOqbAtqbAWpbAnpuA2pOAJomBFoWBAo1CqofCbofCGn%fCvjfC9idDahcEbguFbg4GbgrGzgPGWgPGshPGYhuGji9GFiDFJi6FMi_EXiLEbjLEHj%LEGnLEwoAEZoqEqp$DWp" /></glyphs></font><font id="60" name="Courier NewItalic"><glyphs><g i="0" p="#^$I5m3JKlfJAlrJqlFJqlQJqlXJyl3KFl3KOl3KVl0K6m%FJTnzJeooJpodJzo_IzoPIzoHIsoAIloAIbo%BIZnCIUnCIOnCI8n0IKm9H5mBF5mID5mBCUmMBvnMBaoMBQouCep0DxpIEJppGVp8H9q9IuqFI6r9JKr9Jws9JqtvIkuRHdvuGPv8FowrDoweCowiB4wnAMvKz9vDzFvuzPvhz$v1z$vSy$vKyUvDyMvDyCvDyvvGyjv%7zctbzQsnzGszzwsNzwsYzws3AEsbALsbAVsbA$s9Abt7Ant7Art7A9uRAGuOBnvDDnvPFnvYGwu6IEt6INs6IjsMHTrrHqrLGar3GVqvELqYCAqeCkqwB4q6BzpJA2pJAooJADneBUmMB8m_CCldE3lLF3lPG3lDHjlrIzl$I5m" /><g i="1" p="#^7KYq%GzYqEzkrEzxrEzctMAiuVBnvSDnv_EnvjG$uFHDuCI_tUIPt2JPtdJPtkJXtrJ2urJdurJrueJEuGIev_GPvjFowADowkBowZz3vCyKtCyHrCyjqbz7pNzWnKA2nHBamXCDlcE3lGF3lMH3l2JimkKwnkKrpkK4q7KYq^iJVpmJeohI9ndH5mqF5mFD5m7C8nCAaoVzVp" /><g i="2" p="#^HDql%fJqlCJqlJJwlQJClQJQlQJ2mLJbmGJkmyJomoJsm1Jsm%tDsm%0ChtYBAtYBPtYBpuyCUu9DnvjEnvpFnvGG4vYHMuJImu$Icu9JcukJcurJkuyJruyJDuyJTueJ5vvIEvCG4wfFow5EowACowKBHvVA_uVA_tVAFtZAht%qCsm%xAsmbAsm3AlmYzemYz2mYzOl8ACllAqlLAql%ECql%iDoimD1iyDThKDIhZDIh8EIhfEQhmEXhmE5imEbijEoi" /><g i="3" p="#^TK6j%1Loi6L1ihLThsLIhHLIhTLIh_LQh6MXh6M5i6Mbi3Moi%sLelnLClbLNl0LXlNKXlCKXlvKQloKIloKzloKtlpKklrKalrK$krK3kxJmjmIpiHGpixFpimEWitDjjUCTjQBUk7B2mFARmqAVn%2AHpWzgqWzQqWzMsbB4utCnvmEnvEFnvOGPuZHfudJ3tvJPsKJPsXJPs1KWs8K0t8Kat8KqtTJItHIZu8HHvBFow9EowXCowRBUv0BxvyA1vPzgukzctRy8sRy8rRyuq_yRp%qzLnLzemVAEk4C2jFDdifFnhTGnh8Inh8JPh8KfiTK6j" /><g i="4" p="#^mDowlBow2A7vMyRtMyTrMyhqKzDoJAZmqC0m7E3lTF3lTH3l9JkmsKBnsKupsK8rvJNszIquRGpv8FowmDow^BDnv1FnvrGzuSHLtDIpspJ3rpJIppJaolI8nhH5mEF5msE5mqDzmpC1nDBNnRAwokAypPzAqPzGrPzgtTAkuXBnvBDnv" /><g i="5" p="#^hHGg%fEZu%gIZuCIZuKI4vSIavSInvSIDvFIPvsI$v2I$v%Zy$vDy$vvyUvoyMvoyAvoykvAy9vNyZubzZu%dDZu%1GIh%4DIhKCIhCCBhuCuhuCihuC2hHCSgUCGgiDGg" /><g i="6" p="#^wEql%ZD0ooGamuHGlAIalpJaleKalUKKlzLhmzLCmzLSmmL3naLfnVKfnNKfnIKdnDKansKXm7KvmQJlmyJbmgJbmAIbmwHKmtGgnHDmp%uCZu%1HZunHZuvH4vDHavDHnvDHDvpHPvcH$vPG$v%My$vqy$viyUvayNvayCvaymvmybvzy$uZy$u%sB$u%gDsm%nBsm1BsmVAlmOAemOA3mOAOl_AClbBqlBBql" /><g i="7" p="#^MLGg%JIZu%6KZusKZuzK4vHKavHKnvHKDvuKPvhK$vUJ$v%tH$v%VHYtCFowPCowYAowKz9vwyVtwyVrwyhquzCotAWm4C$lID3lhF3lZH3lhJvn%vKIh%8JIhOIIhGIBhyIuhyIihyI2hLISgYIGgmJGg^6DnvcEnvaFWu9GsuXGHtJHWscISrIINqIIFpII7oHH6nHG5m9F5m$C5mhBPnzzxpzzJrzzktzAmuABnv6Dnv" /><g i="8" p="#^eKGgqKGgyKOgGKVgGK4hGKfhwKrh1IIkZGrnVFaqVFVsVFmvTGiyXGvyXGzyXGNyLGZyzG9zjG9z9G9z1G2zFFFy1FuwpEkupEJspExq0FFoDFNmyGfltHJjII9iDJ_gWJNg4KGgeKGg" /><g i="9" p="#^OJsmXJMl4KDlhKqlyKqlJKqlQKylYKFlYKOlYKVlVK6m%pKrokKPo8KZoZJ7pLJ7pzJ7prJ0pkJVokJLokJHomJwonJqonJkonJvnBIUmzH5mTF5mnE5m2DQmKBynWA_o6Aqq6AQr6Aqt6Bpu7CnvWDnv5FnvqGXuMHvu$IwtiJgtvJgtGJgtNJntUJutUJFtUJUtFJ9uNI2v2HJvkFowADowwBowhAcv2z0u2z6s2zFqFzlphA0odB6naCbmoDDlDE3l8G3lkH3leIpl9JLlOJsm" /><g i="10" p="#^wzazkzazcz2z4zXy4zMy4zAyezoyIB9vMCqsRDHpRDXmRDukSCxhOClhOChhOC2h_CSgbDGgrDGgBDGgIDNg4EahIEljlFvllF6nlFipKE9r8E0teDxukC2w3BFx7ARyQz2zGzazwzaz" /><g i="11" p="#^MGql%cHqlPHqlaIOlyIamyIKmyIwnWH7ojHKovGKo%3GKouFKo5FnoJE$nJEqnJEEmlF1mZFqlMGql^xDjs%LGjs%4CZxKBoyzBvyoBCybBCyWACyMAtyDAkyDA6yDAVxNACx" /><g i="12" p="#^xzZu%7CKi%hBKiXAKiPAEiHAxiHAkiHA4iUAUh5BIhvBIh%$GIh$IIhjK6jDLvkDLNmDLpnsL8o%9LzpQK8rOJFsMI9uNGgvvF$vZD$v%sy$v6y$v_xUvTxMvTxAvTxkv4y9vhyZuGyZu^zAZu%iEZu7FZuQFIuxGruFHzttIYs9JUrRJPq4KNp%tKWnAKsnAK2nAK4lvJVjrIKiUGKi%aDKi" /><g i="13" p="#^mH9g%OGPi%iFPi%SF9g^hGql%fEZu%hIZuDIZuLI4vTIavTInvTIDvGIPvtI$v3I$v%_y$vEy$vwyUvoyMvoyAvoykvBy9vOyZuczZu%eDZu%1Fsm%1CsmIBsmABlmsBemsB2msBOlFBClSBqlgCql" /><g i="14" p="#^TBql%uBhnFC9mPDCl_E3lpG3lrI3lEJemSKpnSKhpSKLrQILtOGKv8EKvpBKvaAvt%RyGz%kBGzCBGzIBIzOBLzSBRzWBYzWB4AWBlAJBwAwBIA6BIA%dwIATvIAMvAAEvtAEviAEv2ARvSz2wGzrwGz%QxGz%DAsm%fzsmVysmNylmGyemGy2mGyOlSyCl3zqltzql^jEIuvGIu8I6tOJvrOJtpOJ1oNI3nNH5mdG5m1E5mnCInKAipKAfrKAKsKBJtLCIujEIu" /><g i="15" p="#^qCql%5CZmrDSlnEtlkF3lqG3lXH3lOITlGJGmGJYnGJboCJwo%dIZu%5JZurJZuyJ4vGJavGJnvGJDvtJPvhJ$vTI$v%6G$vMF$vEFUvxFMvxFAvxFkvJF9vWFZukGZu%cHZu%xIHoBIpoBI8oBIfnZHGmlH5mbG5m7F5mhExmsDYmMBxo%pAZu%zBZuVBZu0C4v8Cav8Cnv8CDvXBPvKB$vlB$v%$x$vFx$vxxUvpxMvpxAvpxkvCx9vPxZudyZu%nzZu%bBsm%jAsmZzsmRzlmKzemKz2mKzOlWzCl7AqlxAql" /><g i="16" p="#^TC8q%SBZu%nFZuIFZuPF4vXFavXFnvXFDvKFPvyF$v8F$v%ez$vUy$vMyUvEyMvEyAvEykvRy9v2zZuszZu%QAZu%qDKi%1CKiIBKiABEitBxitBkitB4iFBUhSBIhgCIh%dIIh4KIh7LHibMGjbM5lbMWlOLOmpLGnGKoodKOopJepCIFp0ISpcH8q5G8q^5D6p%nG6pyH6pWIsoXJYnxK3n8Lam8Lnl8LhkjKwjvJKi6IKi%sEKi" /></glyphs></font></bwFonts>