﻿<?xml version="1.0" encoding="utf-8"?><bwFonts xmlns:xsi="http://www.w3.org/2001/XMLSchema-instance" xmlns:xsd="http://www.w3.org/2001/XMLSchema"><font id="00" name="ArticulateBold Charset1"><glyphs><g i="0" p="%^9G5p9G$vEC$vEC5pgwxenAxevESlIIxepMxe" /><g i="1" p="#^TGhpTGzoHGSnvG9n5GDmIF5m4FLltEplDDplQCplcCKlBB3mbBCmOA8nBAQnoAwooAepoAgraBusZBHtDDHttEHt5FmtJF0t6GrsvGRrHG2rTGeqTGhp^nKCpnKbrRJrskJHtpIyuvHovgGRv2FiwEDiw8CiwUAQvEzlvLytuTxBtnxnsUw8rUwEpUw1opxNmWxwlQyEkLzMjZAijcCPiDDPi0FPifGhjvHKjpIBkkJslRJKmnK0onKCp" /><g i="2" p="#^nG$v%nGeu%kGeuDF5vzEIvwDiw4CiwYAiw7AWvizyvMyTufybu_xftJxjsJxbr%Jx6j%4B6j%4BZp4BHq7BnraB2soBzsDB3t3CntvCHtfDHt2EHtCEltaF_swFosTFOr1G$qcGbqcGjp%cG6j%yJ6j%yJ$v" /><g i="3" p="" /><g i="4" p="#^eN$v%eN3oeNBnaN7n6NEmWMgmKMUllMFlYLplkLplBKpl6KLlDJ5mkJHm2JgnWI2oOIPoOIHp%OI$v%sF$v%sF5osFznoF5nkFCm7FemWESlxEEl8EplwDplLCplfCOlMBbmuBOmdBon6B8o0BUo0BCp%0B$v%Gx$v%Gx6j%OA6j%OAVk%RAVk4BxkrB9kOBNjhCujMCbjmD$iZDPiJEPiyFPi9G$iNGbjdHwjGHQjZHekhIEktI4lYI8k_Juj1LPiuMPieNPiZN$iIObjhPKjTPhkdQflAQdmAQMn%AQ$v" /><g i="5" p="#^dG3sdG6tOFVtoFHuGEevYDMvXC1wWBiwJAiwJziwIy6wHxXv0xKv%dx_s2yntPyCtBzRtwARtoBRt2CstJC3tJCgsJCErhCjrRB_qcBMqzAxqOzlq2z8qpyLpMxlpkxGoUw_nUwPmUwMljx$kLxeksyLjazgj4A2j$APiYBPiUCPiPDYiLE4jBFhj%nFPlyEwlTDolcDgloCgllBglSAHloA5moAHmoAbnQAungBMnVB_nyCbojDqo4EFoIE5plFwpNFdqdGWqdG3s" /><g i="6" p="#^nF$vTE8wdEdwADiwWCiwYAiwTzcvPy5uPy3s%Pyzl%lwzl%lw6j%Py6j%Pyxg%aCsf%aC6j%8F6j%8Fzl%aCzl%aCBraCHsACbt$CHtODHt7EHtwEDtWEytgFmt%nF$v" /><g i="7" p="#^BGTvQF7wZEcw7EiwfDiwLBiwzAQvozlvzysuLxztjxjsUw2rUwtpUw1ojxQmLxClxyJkjzQjtAkjDBPi5DPiiEPi6FYiWF4jnGej%4GUlEFHl6FylAEplQDplYCpljCKlGB3mfBDmQAbnCAXnoAHooAwpoAlqBA6rOASrdBrsEB0tiCmtYCHtTDHtsEHt9FxtTFmtsG5t%BGTv" /><g i="8" p="#^TGwpTGHoIGXnyGbnbGDmRF3mjFKlOEpl5EplnDplPCLlfC5mSBGmtBengB_n4BJo4Bwp4B9qdBVqnBErIBgs2CUsDCitcDHt4EHtUEHtqFitZFUshGgsBGErKGVqTG9qTGwp^nKupnKMsXIxuvHiwYEiwcEiwEDaw4D2wECPvcCzvQBfvtBWu7Bwu%4Bwu%4BfB%JxfB%Jx6j%WA6j%WAXk%ZAXkIBMjJCijLDPiZEPilGPimHijnINj2JGkJJzl2KOmnK0onKup" /><g i="9" p="%^Ox$vOxed8Bed8B$v" /><g i="10" p="#^OFhoIFVm1F5mnEgl5DglGBglXA6mdAXm5Aho%OFho^5ABqaAtrvA4sQAHskB4tQBttsCFt4DRtLDRtYERt0Gtt5H5t2Iys%2Igv$GTvRF4wIEiwADiwnCiwbBZv$zEv1zTu3y5utxPsUwwrUwBpUweofx0nDxNlmyRk5zVjdAmjlBPiTCPiyEPiIFljTGSjCHSklIRlGIin$IKo$IBq" /><g i="11" p="#^cG$v%cG1pcGro8GOn5G9nUFDmIF5mfFLlOEpl0Epl8DplACQl0CemGBSmlBuncBeo4BZo4BCp%4B$v%Jx$v%Jxed%4Bed%4BSk%7BSkEB3kGCrjJDPi8FPiiGPi7HcjZHAjvIgk2JXkiJTlyJPmyJUn%yJ$v" /><g i="12" p="#^cGupcGKo0G0oQFhnrFIm2F6muEMlWDplaDplqCplTBNllB8m0BJmHAhnxA1ooAMooAwpoAbqxAXqGAGr$AhskBUsSBitoCHtdDHt4EHtEEhtdFSszFesWFBr3GTqcG8qcGup^cGfB%cGwu%9GwuvFjvEEPvODiwqCiwYAiwVzMvTyevbykuwxqtcxasUwWqUwupUw1odxPmyxAldyIkUyPjWzjjYAPinCPi0FPiiGXk%lGXk%lG6j%yJ6j%yJfB" /><g i="13" p="%^Ox$vOx6j8B6j8B$v^OxLgOxzd8Bzd8BLg" /><g i="14" p="%^Uw$vUwgtpDIlaxIlax6jnH6jnHSlZAntBHntBH$v" /><g i="15" p="#^cG$v%cG_ocGdo7Gzn2GUmOFqmyFXl6FGlGEplZDpl4DplwCRlYBhmEBXmkBBncBko4B3p4BEp%4B$v%Jx$v%Jx6j%UA6j%UASk%YASkdBskBB5kZBKjtCsjZC9jCD_igEPi7FPipHPitIdkyJClyJZn%yJ$v" /><g i="16" p="#^nFgmYE6mCE3mgE0mRD0mqC0mNBen8Bro8BEq%8B$v%Ox$v%Ox6j%MA6j%MA1m%QA1mUAulcBVkwBkk_BTjsCpj2D6jFDPilEPi2FPinFVi%nFgm" /><g i="17" p="#^cGtpcGVo2GdoVFwnyFUmcFgmCERl0Epl8DplkCplOBQlgBemYASmEAtnwAbooAVooAxpoAhqxA1rHAMr1BmsnBXsVBjtsCHtdDHtZDHtwEmt4F0tsFrsQFSr0G6rcGlqcGtp^iG$v%iGyu%fGyuwFtvvEUvvDiwgCiwTAiwRzMvPyev9yjuwxntcx9sUwWqUwupUw9oaxYmtxKl6yQkMyVjOzmjQAPiiCPiJDPiCEkjwFQjaGFk%cGFk%cGed%yJed%yJ$v" /><g i="18" p="%^Jx$vJxusdBusdB$v" /><g i="19" p="#^TGwpTGVoLGcoDGunkGSm1GemuFQlYEpl7EplfDplGCRl5CgmKBUmnBwndBdo4BVo4Btp4BmqgB8rtBWrRBusdC2tNCntlDHt4EHtMEHtiFmtQF0taGssxGUrIG7rTGmqTGwp^nKupnKPsVIzusHiw2FiwODiwNCTvMBrv0Bqu%ZAqu%ZA$v%Jx$v%Jxed%4Bed%4BMk%7BMkoBokKB2k5CHjyCqj0D8jCD_idEPiZEPinGPioHjjpIPj3JJkJJCl2KRmnK3onKup" /><g i="20" p="#^dF_fRELfwEEfcExfODxf7DxfIC0giCugiCxh%iC6j%dF6j%dFzl%iCzl%iC$v%Xy$v%Xyzl%twzl%tw6j%Xy6j%XymhXyegfzpfzzze7A1eHAudrBddcCXc5DXcIDXclE0d$E4dvFcd" /><g i="21" p="#^cGmpcGxo0GPnRF5nvFzmaF1mDEJl5EploDplUBpl8BymoAHnoArpoAbqAAUqMABr7B9svBJs0C2tyCntfDntDEntpFlscGjrcGmp^yJMuyJawcJpxTIEy4IzziHvA$F0BIEyBLCyBtByBoAjBjz5BiyGA%zyPxWy0yozcyTzoynAzyUALypBRyWBXylCXy$CXyLDMywEBy5F0yIFqxYFvwcGBvcGXt%9GXtAFWutEtvnD$v8C$vJA$vKztvLyXu6y3utxatax_rUwNqUwtpUwjocx7nwxXlay_kRy0kTzqjWAPinCPicDPiQD_isE9jVEsjnFKjIF6k2GukiGSk%lGSk%lG6j%yJ6j%yJMu" /><g i="22" p="%^0y$v0yxekIxekIhhwBhhwBAlLHAlLHlowBlowBetnIetnI$v" /><g i="23" p="#^sERw5EOxIDEykDvzMC8AcCOAnBaBzAyBnzyBOyyBayrByxlB3xcB%ixJyUxXy2zXyEzXy2AJytAwyJAayZARx4BqxcB0xcBEw%gw6j%Zz6j%4Dws%7Dws%dG6j%DJ6j" /><g i="24" p="#^LD1qaC1q7Byq5A2r5Ads5AWsAAot4BRtcCRtMCRtiDFtRDttgE2tMEys0FSrgFargF1q^AF$vwFBvuF9vsFJuqF3u%nF3ucFruQEQutEdvXDyvpDTvMC4w8CiwsBiwyAiwJz1wUyMvgyhvExOugx4uUwmtUwtsUw3rtxcq2ylpZySoUzmo3BcofC1opD1o%gF1ogFumyETlQDglqCglyBglxAzlwzRloyFm%iyNjbzojlA6jvBPiRCPiLFPi1H6kkIolkI9okIbpkIUpkIzqkI5rlICrmI2snItsnIXspIDtqIhusIWuxI$v" /><g i="25" p="%^$N$v2K$vfH9mcH9msE$vDA$vgw6jPz6jGCEsJCEskF6jdJ6j1MEs4MEsLO6jYR6j" /><g i="26" p="%^Jx$vJxusdBusdB$v^JxCmJx6jdB6jdBCm" /><g i="27" p="%^cQ$vIL$vyI1ivI1ioF$vTA$vfwxeWzxeaDusdDuscGxeYKxe1Ous4OusmRxeLUxe" /><g i="28" p="%^vF$vcBKp8BKp8B$vOx$vOxed8Bed8BgocBgocF6j9J6jlESoLJ$v" /><g i="29" p="#^nA$v%nAus%TDus%TD$v^VHIiVHsjEH6knHMkZGklAGUl4GqmBFXm8FtnyE8o5EToEDCpEDpq%EDUq%zAUqzAtp1BfowB1nICSlwD1lTDpkfENjfE8jfEui_D1iJDAhiDkhUC3hoCYgUBQgoBQglAQglz8hlyrhwxQh%fx3fbyNetzweMAeecCeepDeesExevFPegGnf1HXftHNgVHChVHIi" /></glyphs></font><font id="10" name="Articulate Charset1"><glyphs><g i="0" p="#^uLdnuL9mbLZkVKMjdKMiyJMhrI6hlHrgJFrgfErgaD0h5CAhnByiGAwjjAKkZzXlZzdnZztohAIpBAXqhBWrZBUs3DvtaE5uJF5ukH5uqIttxJRscKSrTKSqaLEpuLpouLdn^7Ogn7OmpwN2rWMJsPLUtIK2v8JGvBHiwIFiwUDiwmCIvQA5vHzYtzyOsXx6rjxppjxenjxjlTxGjry0ixzPgDACfaCWeJDeeJFeeFHeedJVeNKzfSLLgYMXhxNCj7Ogl7Ogn" /><g i="1" p="%^DI$vRArnRA$vly$vlyxeRAxeRAdmiIxeDLxepDNmhM$v" /><g i="2" p="#^vKGv$JTvsJ$vWI7woIbwTHfwoHgwVGiwxGiwqEiwJCEv0B_uPzOtDyBsZxVqjxdpjx8njx9l$xxjHyUhVzJg8BxfQCUewEeeyGeeyHeexIpexJzetK_e%hKphpJVgwIGgDHrgGGrg8FrgVDZgGCuhOBpiWAjjrAykZzNlZzenZzNouA2q$AjrTBdsMC6tZDCtaF5uyG5u1H5uyH1u4IZtAISt5JKtyJBt$JrtlKet%vKGv" /><g i="3" p="#^DHBpDHHolHQn4HZmAGjm4GElkFelAEQkEDQkICQkYBeldBElIAjmbAZmVzQnEzHoEzBpEzrqTzjr7AasCASs5BytRBZtBCouEDouGEouqFZtaGytFGSs9HasoHkrDHtqDHBp^7KCp7K0rEJesaJrtjIlusHevgGMv4FiwEDiwaCiw_AMvOzdvWyiu3yntBx9s8xXq8xzp8x9oBxYm3yKlVyRkMzYjZAsjaCXiEDXi7FXikGsjxHYjmIRkcJKlFJZm7Kbo7KCp" /><g i="4" p="#^7FclRE4ltE1l5E_kQD_kTC_kcCslyBVl7BFmJAonxAjolAeplA9q%lA$v%$x$v%$xej%bAej%bAcl%fAclrANkNAnk7BYjyBEjZBkjuC8j0DXiBDXiYDXikE_iJE0j7F6j%7Fcl" /><g i="5" p="#^fGoofGKn3G6nTFtmtFZl4FsluE8lUDQk4DQk2CQkoBglLAHlnAhm$zSmQztnGz3oEzoo%fGoo^Ez8qEz5rZzTrjAEsUActtBMteC4u$CouTDoutEou2FguEF8uaGXtIGKt6HxtxHjtNH6t%NHrv1HOv2G2w4FiwJDiwdCiw$ATvOzrvWyBu3yKtBxrs8x8r8xpp8xXnAxKm0yxlPyIkDzSjJApjQBXiaDXiJEXiNFujRG0kvH_kaIXlsIgnLIBoLI8q" /><g i="6" p="#^pGMvLF3wZEawcEiwsDiw2CiwSANvGzgvOynuWxttqxfsXw0rXwCpXweonx0nPxNlFyUkvz_jJAtjYBXivDXi8EXiUE4jEFcjiGrj%5GolLEQkADQkDCQkSBdl5BClyAgm0AVmJzNnrzEorzBprzlqFzcrTz2snAMsTAttGBXttCouFDousEou1FbuDF_tdGHt%pGMv" /><g i="7" p="#^ZEXvDE3w3EawvDiwWCiw7CiwqB6wJAWvbAuvGz2vmzku2zCt2zys%2z8l%aw8l%awej%2zej%2zhg%oBxf%oBej%MEej%ME8l%oB8l%oB3soBusuBVsBBjtRBFt5C_ttCbuRCoupDoufEouZEXt%ZEXv" /><g i="8" p="%^dy$vdyxeJAxeJA$v" /><g i="9" p="#^WG$v%WGopWGPnGGVmqG_lZFxlBF9l5F$kBEQkcEQkaDQkrCelJBEleBmmMA3nyA1olA_olA6q%lA$v%$x$v%$xej%gAej%gAgl%jAglOAhkVBCj0DXisEXiYGXi6ImkhJMlhJoo%hJ$v" /><g i="10" p="%^BFHoBF$v5D$v5DHogwxebzxeoEmmtJxepMxe" /><g i="11" p="#^TEjsTEmtuE6u5ESutDmvRCRv1C3wdBiwnAiwqziwCy9wOx0wWwBv%2xutzxPtny6ubzou$zou0BouHBXtnCttnCBsnCeseCZr5CHrOBrrvBar$AUqvACqMzgqfz0qJyJpbyppNx0pnxCo6x4oRwxnRwPmRw0l2y_jfzXisBXi5CXiRC5jBDejgErj%4EulODklsDdl7D6lMC1lqCXk6CUkOBQkABQkDAQk_zellzEllzmmlz9nXzDnyA5oGBBosCXo1DipDDEp1E3qsEuqFE2rTEBrTEjs" /><g i="12" p="%^FI$vLAEhHAEhHA$vby$vbyxeBBxeiJBslJBslJxeSLxeSL$v" /></glyphs></font><font id="20" name="Articulate"><glyphs><g i="0" p="#^tGjjtGYhuFlhvEKgRCKg%zAKg%zA1m%OC1mAD1mfESlWEHlpFllVF_kbGuktG_jtGjj^GH$v%ZEUpyEZo$DCosDeotCeo%zAeo%zA$v%3y$v%3yxe%oCxeODxe0FIefGTe9Hpf4IXfBISg7JNh7Jhj7J9kPIRkvIwl$H$lvHumRGOmcG6nwFen%wFhnaGwnyGZnWGpocH_o%xK$v" /><g i="1" p="#^fGoofGKn3G6nTFtmtFZl4FsluE8lUDQk4DQk2CQkoBglLAHlnAhm$zSmQztnGz3oEzoo%fGoo^Ez8qEz5rZzTrjAEsUActtBMteC4u$CouTDoutEou2FguEF8uaGXtIGKt6HxtxHjtNH6t%NHrv1HOv2G2w4FiwJDiwdCiw$ATvOzrvWyBu3yKtBxrs8x8r8xpp8xXnAxKm0yxlPyIkDzSjJApjQBXiaDXiJEXiNFujRG0kvH_kaIXlsIgnLIBoLI8q" /><g i="2" p="#^TEjsTEmtuE6u5ESutDmvRCRv1C3wdBiwnAiwqziwCy9wOx0wWwBv%2xutzxPtny6ubzou$zou0BouHBXtnCttnCBsnCeseCZr5CHrOBrrvBar$AUqvACqMzgqfz0qJyJpbyppNx0pnxCo6x4oRwxnRwPmRw0l2y_jfzXisBXi5CXiRC5jBDejgErj%4EulODklsDdl7D6lMC1lqCXk6CUkOBQkABQkDAQk_zellzEllzmmlz9nXzDnyA5oGBBosCXo1DipDDEp1E3qsEuqFE2rTEBrTEjs" /><g i="3" p="#^$G$v%$GZt%YGZtLGounGPu$FdvtFzvYEUvgE5wADiwMCiwlAiwazTu$xrt$xPq%$xej%lAej%lAHplAxqoAarrAOrzAhsHAMsUA7t5BttnBKtIB3uaCeuECou8DouYEouXF0tWGErWG8p%WGej%hJej%hJ$v" /><g i="4" p="%^iy$viyedEAedEA$v" /><g i="5" p="#^ZEXvDE3w3EawvDiwWCiw7CiwqB6wJAWvbAuvGz2vmzku2zCt2zys%2z8l%aw8l%awej%2zej%2zhg%oBxf%oBej%MEej%ME8l%oB8l%oB3soBusuBVsBBjtRBFt5C_ttCbuRCoupDoufEouZEXt%ZEXv" /><g i="6" p="#^vKGv$JTvsJ$vWI7woIbwTHfwoHgwVGiwxGiwqEiwJCEv0B_uPzOtDyBsZxVqjxdpjx8njx9l$xxjHyUhVzJg8BxfQCUewEeeyGeeyHeexIpexJzetK_e%hKphpJVgwIGgDHrgGGrg8FrgVDZgGCuhOBpiWAjjrAykZzNlZzenZzNouA2q$AjrTBdsMC6tZDCtaF5uyG5u1H5uyH1u4IZtAISt5JKtyJBt$JrtlKet%vKGv" /><g i="7" p="#^DHBpDHHolHQn4HZmAGjm4GElkFelAEQkEDQkICQkYBeldBElIAjmbAZmVzQnEzHoEzBpEzrqTzjr7AasCASs5BytRBZtBCouEDouGEouqFZtaGytFGSs9HasoHkrDHtqDHBp^7KCp7K0rEJesaJrtjIlusHevgGMv4FiwEDiwaCiw_AMvOzdvWyiu3yntBx9s8xXq8xzp8x9oBxYm3yKlVyRkMzYjZAsjaCXiEDXi7FXikGsjxHYjmIRkcJKlFJZm7Kbo7KCp" /><g i="8" p="#^WG$v%WGopWGPnGGVmqG_lZFxlBF9l5F$kBEQkcEQkaDQkrCelJBEleBmmMA3nyA1olA_olA6q%lA$v%$x$v%$xej%gAej%gAgl%jAglOAhkVBCj0DXisEXiYGXi6ImkhJMlhJoo%hJ$v" /><g i="9" p="#^WGKpWGNoHGVntG0n$FlmyFFlREfl8EQkdDQkkCQkFBgl$AIlyAom5A3nSzVnEzKoEzzpEzwqUzlr8AasCANs4BntKBKtoC5ucD5u$D5uGEMtlFqtRFRslGgsDGtrWGFqWGKp^hJwvhJixKIsycIDzhHjAnG$AaFgBZDyBGCyBlByBgAiBbz2B7yGA%nyvy$yMyxzZy3AbzBAlz7BvzHBzzfCEzWCEzODEzxEmzgF5zOFyykG$xDGaxWGlwWGdv%WG0u%TG0udGUu6Fsv0E$vDC$v7B$v4Aqv2zRunyXtJx0tqxVr8xNq8xHp8xCosxqnMxemsyel8zekeABjkBXiTCXivDXi5E2jIE8jfFojOFEjfG3kIGuk2H8l%5H8l%5Hej%hJej%hJwv" /><g i="10" p="#^7FclRE4ltE1l5E_kQD_kTC_kcCslyBVl7BFmJAonxAjolAeplA9q%lA$v%$x$v%$xej%bAej%bAcl%fAclrANkNAnk7BYjyBEjZBkjuC8j0DXiBDXiYDXikE_iJE0j7F6j%7Fcl" /><g i="11" p="#^AFVpdFVpNEUplESpZDSp4DSphC$pvB8qVArqjAKqZzcrEzGrEzisEzKsRz7t2AvtmAOtHA5u6BfuyBou0Cou4DouMD3usEJtREdtfFJspF9sAFBrAF8r^QF$v%QFlu%MFluwFHu9F2vOEoviEGvODXvaD6wyCiwOBiwWAiw5A6wgzWvBytvXx0vxxfu8xut8xls8x5rKxhqlytpez_o8AuobBiofC6o7D6o8E6oGE7ocF8oAF9oyFBntF$moFpm4FWlMErl8E8lwDQkqCQk8BQkaAgldzIlJy8m%By8kWyYjkzLjLzxjgAljOA9jrB2j5CXiUCXilEXijFkjhGIjRGpkqH6lGH5mWH3nWHeo%WHetWHHtWHquWH8v1I$v" /><g i="12" p="%^iy$viyejEAejEA$v^8yng8yKdOAKdOAng" /><g i="13" p="%^Lyjzvwjz3ybtTAbt" /><g i="14" p="" /><g i="15" p="#^$CnxJC8ylCUyZBEzrBeAWAQAdAbBwzyByyyB7yyBGxvBdxsBUwlB%2xrzlxzzCxBzTxEz8yEzEyEz1zrzrzfzMzWy5ABykA9yzAJxLAgxQA3xUARwYADwYAtwYAiwQA2wJAOvGACv%awej%Lyej%aCOt%dCOt%JFej%5Iej" /><g i="16" p="#^DHxpDHlnHG5mMFQk7EQk5DQknChlGBKldBqmMA6nyAZnlAPolACplArqzAirOA8sfBQsIBvtpCYt7Dou5EouTEouwF1uaGGtDG0t5HmsmHurDHBqDHxp^7Kop7KNqNJ2ssJitMIfu5Ibv3HLv1GiwDEiw$Ciw_BKvZAavoAeu%lAeu%lAfB%$xfB%$xej%fAej%fA1l%iA1lRAckYBAj4DXiAEXiYFXi$Gsj2IYjKIQkqJIlMJUm7K3o7Kop" /><g i="17" p="#^WGCpWGKoHGTntG0n_FlmwFFlOEfl5EQk7DQkqBQkxA9mEztnEzzpEzrqRzjr3AaswASsZAytDBZtiCoucDouaEouTEXtBFut2GOsvG6sIGgrWGpqWGCp^1H$v%1Hbu%ZGbuLGzulGXuYFjvoFDvREWv8E6wsDiwDCiwaBiw7AIv5z6vqy8uMxatsxXr8xHq8xop8x3ouxUmRxIlxyQkdzYjfAsjiBXiGCXilEXilFxjlG6kTG_k%WG_k%WGed%hJed%hJ$v" /><g i="18" p="%^3y$v3ybtTAbtTA$v" /><g i="19" p="%^BFHoBF$v5D$v5DHogwxebzxeoEmmtJxepMxe" /><g i="20" p="#^kH6rkHZr2HUsNGOt2GzukFjv4EPvRCiwYAiw3Aiw9z3wfyRvnxzv%DxetryBtqzRtqA5ugB5uTB5utCWt4DKtzDot2E2tmEwsGE_rGEirGEPqxEoqoEZp0EzpFD9p0DMooCmooBVntAwnHz3nWyBmmy0mOxrluxIkaxYjaxYiaxUhzx0hZx7gIyvfrzTesAzetBeeJCeeMDeeKEpeIFAevGSe%9G9hcFLguEBgMDrgYCrgtBrgEA1hPzChPzIiPzBjtAfk8BUkDCzlFD3mxEzmqF3n1GInFGlo_GapkH_pkH6r" /><g i="21" p="#^pGMvLF3wZEawcEiwsDiw2CiwSANvGzgvOynuWxttqxfsXw0rXwCpXweonx0nPxNlFyUkvz_jJAtjYBXivDXi8EXiUE4jEFcjiGrj%5GolLEQkADQkDCQkSBdl5BClyAgm0AVmJzNnrzEorzBprzlqFzcrTz2snAMsTAttGBXttCouFDousEou1FbuDF_tdGHt%pGMv" /><g i="22" p="%^3y$v3ybtTAbtTA$v^3y1m3yejTAejTA1m" /><g i="23" p="%^ED$vRA$vgwejRyejiCDtlCDtTFejdIej" /><g i="24" p="%^qM$vIJ$vpGhllGhl7D$voA$viwejTyejOBOtRBOt5FejTHej4LOt7LOteOejxQej" /><g i="25" p="#^uLdnuL9mbLZkVKMjdKMiyJMhrI6hlHrgJFrgfErgaD0h5CAhnByiGAwjjAKkZzXlZzdnZztohAIpBAXqhBWrZBUs3DvtaE5uJF5ukH5uqIttxJRscKSrTKSqaLEpuLpouLdn^7Ogn7OmqTMtsDLzuqJyv%uNdz%nKdz%7HbwNGfwqGgw4GiwIFiwUDiwmCIvQA5vHzYtzyOsXx6rjxppjxenjxjlTxGjry0ixzPgDACfaCWeJDeeJFeeFHeedJVeNKzfSLLgYMXhxNCj7Ogl7Ogn" /><g i="26" p="%^3x$v3xXtqE8lqx8lqxej9Hej9HhlOz5uqH5uqH$v" /><g i="27" p="#^TJdnTJIloJwkVIjj3IuidHEh2GbhUEKgxDKg%zAKg%zAOt%cDOtpGOt8IdsTJEqTJdn^xM6nxMjpTL_qeLEs0KLtOISu3HrvkF$v8D$v%3y$v%3yxe%dDxeaFxeSG7fyIIfPJPg4LVhOLvjxM4lxM6n" /><g i="28" p="%^2G$vlArplA$v$x$v$xedlAedlApotFejGIejLCUoqJ$v" /><g i="29" p="#^WG$v%WGjpWGSnHGYmsG1mYFxlyF8l3F_kAEQkcEQkaDQkrCelJBEleBmmMA3nyA1olA_olA6q%lA$v%$x$v%$xed%lAed%lA3l%oA3lDAIkZAkkkBYjQBEjkCkj_C8jEDXitEXiYGXi6ImkhJMlhJoo%hJ$v" /><g i="30" p="#^WN$v%WNroWNUnRNfnNNCmxN4mhNxlQMblnMQkDLQk5KQkbJ6miIoniICp%iI$v%YF$v%YFpoYFwmkFGlJEQkEDQk7CQkdB6mjAonjAHp%jA$v%Zx$v%Zxej%aAej%aA4l%dA4lrAKkLAlk4BYjyBEj0CkjHC8jnDXigEXiOEXikF4jTFcjmGwjRGPjfHikFHMkVHpl7IVkwItkWI0krJGjZJkjBK8jeLXiTLXi6NXiXNjjNOHjiPmkQP0l2QUlhQMmhQKn%hQ$v" /><g i="31" p="#^gF_eMEQefEQeWCQeoCvfTB9gTBVh%TBej%fFej%fF8l%TB8l%TB$v%wz$v%wz8l%ww8l%wwej%wzej%wz3iwzNgJzQfXzSerAdeYAAdMBgdBCXcQDXcAEXcnF4d" /><g i="32" p="#^DHxpDHlnHG5mLFQk8EQkaDQksCflLBFlgBlmOA0nzATnlAKolACplAwqAAnrQAdshBUsLBztrC_t8Dou5EouUEouyF0ucGDtFGZs7HjsnHrrDHzqDHxp^7Kop7KJqPJYrvJbtQI9uaI6v7HIv5GiwEEiwQDiw7D6wqCWvTBDvlBjvXAXuyAzuiAbu%fAbu%fA$v%$x$v%$xed%lAed%lA_k%oA_kYA4kYBwjYCXiDEXi1GXi3Huj5I0kMIVksJNlNJYm7K6o7Kop" /><g i="33" p="%^lF$vcC_q2z$vfw$vRAjpHwejDzejoCNndFejRHejLDjpfI$v" /><g i="34" p="%^cEKgcE$vIB$vIBKggwKggwxeDJxeDJKg" /><g i="35" p="%^nyFknyxezAxezAFk" /><g i="36" p="%^tz$vtzbtgCbtgC$v^YB5rOz5rtzxegCxe" /><g i="37" p="#^yGNjyGXibGmiQFNhfFqhGE3hZDVggDKgBCKg%zAKg%zAPm%YCPmGEPmCF_lyG8lyGNj^cJKjcJblHIcmaIdnjHRnsGtokFLodE0p$C0p%zA0p%zA$v%3y$v%3yxe%GCxe7ExekFQeyG7foHLffIngJInhcJmicJKj" /><g i="38" p="%^by$vbyxeHAxeHAOt$HOt$H$v" /><g i="39" p="%^JC$vJCph2AIjJy1i$CxedFxedF$v" /><g i="40" p="%^ZEUgvBxpsIxp^1L$vfJBrHABrWy$viw$vLDxenGxeLN$v" /><g i="41" p="#^OLPoOLeqsLBr7LXskK$tyJ2vfIGvYGiw2FiwxDiwhCSv2Bqv8AwufzBtLyasfyKqfyMo%fyxe%LAxe%LAuoLAtrSBNsZC5u0F5uiH5uiIGsiJeriJmo%iJxe%OLxe%OLPo" /><g i="42" p="%^XwdqXwjonDjonDdq" /><g i="43" p="%^dy$vdyxeJAxeJA$v" /><g i="44" p="%^FI$vLAEhHAEhHA$vby$vbyxeBBxeiJBslJBslJxeSLxeSL$v" /><g i="45" p="#^EAJwEA5zPzjA$yyB$wyBzwyBawwBOvvBBvsB%GvqzTvtz8wuzqwvzDwvz7xvzrxfzMx$yYxBy8ybydyHxiybxiyJw%iyej%EAej%EAJw^8yng%8yKd%OAKd%OAng" /><g i="46" p="%^AP$vmM$vyIKgvIKgGE$vkB$v2wxeOyxeZCut0DutLGxeiKxe4Out7OutjSxeYUxe" /><g i="47" p="#^TA$v%TAbt%FDbt%FD$v^pHMipH4kOG5lcG5mfFbnLEMnpEco4EEoSD0pEDopyDMpsD8qsDzq%sD5r%5B5r%5Buq5BRpcBkpkBPozBmoOBUn9CrnwC_m0DpmQDxlhEHkLEQjLEXiLEgiuEOhdEjhND0hlDIgOCAgfCrgEBrgrArgtzKgvy1h0yrh%Rx3fqyNewzweDAee$Bee2Dee0Exe$EQeLFqfvG$fYGRgpHHhpHMi" /></glyphs></font><font id="30" name="Courier New"><glyphs><g i="0" p="#^9HKi%9Hoi9H1iiHThrHIhGHIhVHIh2IThbI1ibIoi%bI$kbInl2IxlVHHlGHHlsHHljHylaHol9H3l5H2k5Gej6FpivDpiOBpiOAhjOz9kOzklOzYl4AsmmAYmQAgniBznTBMntCYnID9oOFvoBGRoFHkpbIaqKI0rKI9sKIWtkH9vWFowyDowTAowhzJu%hzjvhzGv8zRv$y$vMy$vyy$voyRvfyGvfyjv%fyusfy5soyXrxyNrMyNr_yNr7zXrgz4shzpslzxtuAsuDBnvyDnvuFnvBGpuJHrtJH7sJHjrhHHqSG3q0GHpqFrpAD7p0BHoVzPnNyXmNyjlNyIj3AyilBnhtDnhCFnh9HKi" /><g i="1" p="#^oBql%YGqlkHqluHAlEHJlEHYlEHamuHjmkHsmYGsm%oBsm%oBhtoBau5CNuPCnvcEnveFnvrG3vFHLukImuzIcuJIcuWIcu3JmudJvudJIudJUu2J2vFIsv8HWvEFowgEowtCowpByvlAIulAht%lAsm%sysm5ysmXxjmNxamNxXlNxJlXxAl5yqlsyql%lAql%lAoilA1iuAThEAIhSAIh5BIheBThoB1ioBoi" /><g i="2" p="#^gCql%gC0ogEcmgFHlgGal5Hal0IalOINlBJomBJJmBJYmrJ6nhJfn2JfnXIfnRIdnMIanxIXm6IvmNHlmtHbm9HbmuGbmxFKmBEgngCmp%gCZu%PGZubHZulH6vvHfvvHuvvHIvlHSvbH$vPG$v%My$voy$veySv4yJv4yuv4yhvey8voy$uMy$u%eB$u%eBsm%lzsm_ysmQyjmGyamGyXlGyJlPyAlZyqllzql" /><g i="3" p="#^$D9g%$DPi%uCPi%uC9g^1Eql%1EZu%3IZurIZuBI6vMIfvMIuvMIIvBISvrI$v3I$v%_y$vCy$vsySviyIviyuviyfvsy6vCyZu_yZu%0DZu%0Dsm%0AsmFzsmuzjmkzamkzYlkzJluzAlEzql0Aql" /><g i="4" p="#^aAql%aAZmfBUl6Cul_C3l4E3lfF3lcGzlUGWlrHNm$HDn$Hwo%$HZu%TIZueJZuoJ6vyJfvyJuvyJIvoJSveJ$vTI$v%7G$vLF$vAFSvqFIvqFuvqFfvAF6vLFZu7GZu%_GZu%_GHo_GBnbGRmoF5m3E5m2D5miCvmzBVmaAxo%aAZu%lBZuIBZuSB6v0Cfv0Cuv0CIvSBSvIB$vlB$v%$x$vDx$vtxSvjxIvjxuvjxfvtx6vDxZu$xZu%9zZu%9zsm%hysmWxsmMxjmCxamCxXlCxJlMxAlWxqlhyql" /><g i="5" p="#^XGin%XGql%lJqlJJqlTJAl1KJl1KYl1KamTJjmJJsmlJsm%ZHsm%ZHIwZHJxxHxyeH3zyGEzTFdAjFsALEIAPDIA%VAIAxAIAnAzAdAqAdAbAdAYznAPzxAGzVAGz%RDGzLEGztFczcGLyGGSxXGlxXGyw%XGutiFKvHCKvAAKv2zauwxBswxoqwxbo2zDmAA3lHC3liF3lXGin^XGoqXGAoIFlntE5mLC5m0B5mNzlnzyBozyoqzycsNzst0BIuLCIutEIuIFstXGcsXGoq" /><g i="6" p="#^0EIh%0E7y%vG7yTG7y1HgybHpybHEybHTy1H0zTG9zvG9z%_C9z%_CGg%vGGgTGGg1HQgbHZgbHchbHqh1HzhTGIhvGIh" /><g i="7" p="#^0D7y%0DIh%xAIhaAIh$zzhRzqhRzchRzZg$zQgaAGgxAGg%2EGg%2E9z%xA9zaA9z$z0zRzTyRzEyRzqy$zgyaA7yxA7y" /><g i="8" p="" /><g i="9" p="#^TG5mTGKl0HAlaHqloHqlDHqlMHAlWHKlWH6m%WHTnWHeoMHpoDHzooHzobHzo2HroVGioTGZnPGfn7GNm7F5mtD5mLB5mOANm4Ajn4AYn4AHoXAbpwBwp9DIpiFXp7GeqjHFqUHqrtIastI2ttImucHnvXFowxDow5Bowyz9vyzAvvzIvszQvjzWvbz$v1z$vPy$vFyRvwyGvwyjv%wyctwyQsFyGsOyws1zwsfzwspzGszzPszz4tzzEtRz0ugABubB_u7CnvuDnvuFnvsGDurHTtrH2trH5ssGxrsFYqxDMqDBzqOAfqZzWpvzip2zFo2zWn2zCmkARlDB3lqD3lyF3lTG5m" /><g i="10" p="#^MHsm%MH6mMHKlVHAl3IqlhIqlwIqlFIAlPIKlPI6m%PIroOIPoFIZowI7phI7p4I7pXH_oOHRoMHwoIHFnDGTmzF5mLD5mtB5mhAxn6zYo6zOq6zNspA4uJBnvODnv_EnvdGXutHuutIwtJIgtWIgt7JgtgJptpJytpJMtpJhuaI5vbGowLDowfBowFzPu4yet4yOq4ykoIzImlB3lPD3laG3lMHsm" /><g i="11" p="#^7AGg%7A_m5BWl_BvlUC3l$D3lcF3l1GulTGUlqHMm_HEn_HCo%_HZu%8JZuwJZuGJ6vQJfvQJuvQJIvGJSvwJ$v8J$v%PF$vqF$vgFSv6FIv6Fuv6FfvgF6vqFZuPFZu%YGZu%YGHoYGzn9GQmmF4mWD4mOC4m0CDmrB0n7Ato%7AZu%hBZuEBZuOB6vZBfvZBuvZBIvOBSvEB$vhB$v%Xx$vzx$vpxSvfxIvfxuvfxfvpx6vzxZuXxZu%5zZu%5zIh%JxIhlxIhbxzh1xqh1xbh1xZgbxQglxGgJxGg" /><g i="12" p="#^2JYq%ByYqSyXsfA9uFBnvJDnvSEnv6G$unHCuaI_tpIPtAIPtMIPtVIZt3J6u3Jju3JxuTIJuhIkvNGSviFowJDow4BowjzGuzxXszxuqzxfoczFmSA3liD3lPF3lrHIm3Jlo2JYq^$HVpIHdooG9n5F5miD5mwB5mcA8nVyboCyVp" /><g i="13" p="#^wIGg%wIZu%UJZugKZuqK6vAKfvAKuvAKIvqKSvgK$vUJ$v%uH$v%uHYtIFowYCowzBowhAFv$yWugyztxxbsxxKqxxgpgyVn$yymhAPlzB3lZC3lEF3luHvn%uHIh%6GIhKFIhAFzhqFqhqFbhqFZgAFQgKFGg6GGg^uHKquHNo9GrnRE5m1D5mbB5mTzrnzyNozyKqzyFsTz0ubBnv1DnvREnv9G0uuHFsuHKq" /><g i="14" p="#^$G$v%$GuuVEowtCowYAowaAAvazvuaz4t%azsm%Nxsmqxsmgxjm6xam6xXl6xJlgxAlqxqlNxql%bAql%bA4tbA4uQAKutBnvpCnvWEnv$G4t%$Gsm%6FsmLEsmAEjmqEamqEXlqEJlAEAlLEql6Fql%1Iql%1IZu%UIZugJZuqJ6vAJfvAJuvAJIvqJSvgJ$vUI$v" /><g i="15" p="#^0EGg%0EZu%2IZuqIZuAI6vKIfvKIuvKIIvAISvqI$v2I$v%Yy$vBy$vrySvhyIvhyuvhyfvry6vByZuYyZu%_CZu%_CIh%1AIhGzIhvzzhlzqhlzbhlzZgvzQgFzGg1AGg" /><g i="16" p="#^5Jwn%Vxwnyxwnnxnndxdndx_mdxMmnxDmyxtmVxtm%5JtmsJtmCJDmNJMmNJ$mNJdnCJnnsJwn5Jwn^5Jbr%Vxbryxbrnx2rdxVqdxGqdxrqnxiqyx9qVx9q%5J9qsJ9qCJiqNJrqNJGqNJVqCJ2rsJbr5Jbr" /><g i="17" p="#^1H$v%MF$v%vDpp%fB$v%_z$v%Sxsm%lxsm$wsmQwjmGwamGwXlGwJlQwAl$wqllxql%aAqlyAqlIAAlSAJlSAYlSAamIAjmyAsmaAsm%Tysm%HABu%TC5o%5E5o%lGBu%5Ism%OGsmqGsmfGjm5Gam5GXl5GJlfGAlqGqlOGql%CJql_Jql8KAliKJliKYliKam8Kjm_JsmCJsm%6Jsm" /><g i="18" p="#^GAIh%GAKmABlmpC9meDZlZDZlVFZlcHknvIHovIUqvIkt1HRuAFmwnDmwWBmwAAJvDzgvRyBuoybuoyWtoyItxyytGyotTyot4zotjzCt9BkvkDkv7FkviG6utHTstHRqtH6psG3orF$mTD$mhC$mHARniA1o7A1oVz1oMzUnEzKnEztn%EzGg%OGGg9HGgjHQguHZguHchuHqhjHzh9HIhOGIh" /><g i="19" p="#^pFIr%CyIr%Cyxq%jEGg%rGGg%rGHq%iHHqGHHqQHQq_HZq_Hbr_HqrQHzrGHIriHIr%rGIr%rGZu%iHZuGHZuQH6v_Hfv_Huv_HIvQHSvGH$viH$v%uD$v6D$vYCSvOCIvOCuvOCfvYC6v6DZuuDZu%pFZu^pFHq%pFIh%SEIh%GzHq" /><g i="20" p="#^gDql%JDqlpEqlUEVlnFomnF3nnFOnTEgonEKoJDKo%gDKoACKo5CfoDBMnDB5nDBnm6CVlCCqlgDql^uBjs%IEjs%fBZx$AoyRAvyHACytACybACy_zqyOzeyOz_xOzQxTzCx" /><g i="21" p="#^BFFn0HioLHppvIvqvIIrvIxt$GYuwFmwgDmwYBmwxAOv7zevzyFunysunyduny2uwyVtFyLtRyLt2zLthzWtbBkviDkv4FkvhGduuH5tuHKruHPqUGXpiG3pbFzo4E2oXC2oAC2opCVnfCMnfCxnfCjnpCanzC0nSC0n%LD1n7F1n0GbmWGllWGekWG5jZFdi1FkhxDkhtCkhABIhHA3i8AIiYzXiRz$iKz2jCz2joz2jfzVi6zMi6zAi6z5iaAlhEBjgxDjgtFjgIGuhYHEiYHfkYHhlmHcmMG6nBFFn" /><g i="22" p="#^4zZu%YGZu%YGzuYGcu5H2ufHTtuHTtIHTtRH2u_Hcu_Hzu%_H$v%4y$v%4yuucBGr9ELoxFpn2GNmzG8mLGFlXGalXGHkXGnjTFmiPElhjDlhZBlhXA6iVzTiBz0kwzjkpzokgzwk3zwkSywkJynkAyekAy2kAysjdzsiSzsh_AUg7CjgiDjgdFjgBGEh_HZi_HFk_HmlKHYlvHymYGfnpGYnZEmplBWs4zUu" /><g i="23" p="#^ezWg%uCWg%DBSmzBknmBwnaBInSAInzAInmAwnaAkn5ASm^tEWg%JHWg%TGSmOGknBGwnpGIn6GInOFInBFwnpFknlFSm" /><g i="24" p="#^3JHq%3J5vUHKvJG3wzFowpEowLCowvBVvfAqvnzyuwyFt1yAszxurzxPp%zxXnzxfmoyFkez3jGAdi7CnhRDnhjGnh1IKi1I8i3I0i6IUheIOhnIIhyIIhMIIhVITh3J1i3Joi%3JJk3J5lVIflMIolyIollIolcIfl3I6l2IMk_HJjIG3jqFpiWDpiwCpinB1jeAEjeznlAyvmAyYn%AyPpAyms8ATtIBnvsEnvnFnvaGbvZG_u1Iuu%1IHq%vEHq8EHqZDyqPDpqPDbqPDYpZDPp8EFpvEFp%rJGpOJGpYJPp6KYp6Kbq6Klq0KuqWJCqOJFqGJHq3JHq" /><g i="25" p="#^dJKqdJ4tyHKuTFowvDow6BowrzKuMx3tMxKqMxoorzKm6B3lvD3lTF3lyHJmdJnodJKq^bIKqbIOoPGsnrF5muD5mxB5m9AsnNyPoNyKqNyEs9A0uxBnvuDnvrFnvPG0ubIEsbIKq" /><g i="26" p="#^Dzql%DzhnyAamBBDlEC3l4E3lBF3lTGMl9ItmRIKnyJ$oyJoqyJBsZHauoGKv4EKvlBKvDzvt%DzGz%7CGzuCGzECPzOCYzOCbAOCpAECyAuCIA7CIA%dxIASwIAIwzAywqAywbAywYzIwPzSwGzdxGz%CyGz%Cysm%dxsmSwsmIwjmywamywXlywJlIwAlSwqldxql^wIoqwIDodHmnXF5m4E5mdC5mWAmnDzDoDzoqDz9sWArtdCIu4EIuWFIudHrtwIaswIoq" /><g i="27" p="#^JBKi%JBZu%xIZu%xIUqxIxqGInqQIcq2JcqhJcqqJmqzJwqzJUq%zJ$v%ey$vTx$vJxSvzxIvzxuvzxfvJx6vTxZueyZu%HAZu%HAKi%eyKiTxKiJxBizxsizxdizx_hJxRhTxIheyIh%9EIhxEIhHERhRE_hREdiREsiHEBixEKi9EKi" /><g i="28" p="#^tzZu%tzKi%CyKieyKi4yBiWxsiWxdiWx_h4yRheyIhCyIh%7EIhqFIhuGfiyHNi6Itj3JDkAJWlXJSmXJ8o%XJzpXJ8reJDsyI5uWGbvIF$v7E$v%Cy$vey$v4ySvWxIvWxuvWxfv4y6veyZuCyZu^vAZu%dEZuwFZuEG7uMHhtkI6sVIWqVINp%VIWnVIZmCIem9I8lmH9kWGDj3GbjcFKidEKi%vAKi" /><g i="29" p="#^6IWf%RzCxEz3yjz3y6z3yYyVxOyLxOyzxOyqxVyax%9HufiHcfqH7fyH1fJH1fWH1f3IbfdIlfdIxfdIFf6IWf" /><g i="30" p="#^PCsm%PCZu%kHZuHHZuRH6v$Hfv$Huv$HIvRHSvHH$vkH$v%iz$vXy$vMySvCyIvCyuvCyfvMy6vXyZuizZu%NBZu%NBsm%zzsmbzsm1zjmTyamTyXlTyJl1zAlbzqlzzql%NBql%NBTjNBAiQCDhTDGgCFGg3HGgJIXgkJ1hsJahBJjhBJxhBJLhrJUhiJ1i2J1iYI1iJI_hTGIhCFIhgEIhxDniPC1jPCTj%PCql%CHql_Hql7IAlhIJlhIYlhIam7Ijm_HsmCHsm" /><g i="31" p="#^DzGg%DztnuB3l6E3lmG3lYHHmyJjoyJHqyJ4tWHKujGow6EowqBowDz_t%Dz$v%dx$vSw$vIwSvywIvywuvywfvIw6vSwZudxZu%CyZu%CyIh%dxIhSwIhIwzhywqhywbhywZgIwQgSwGgdxGg^xIKqxIOocHsnTF5m4E5miC5mZAsnEzOoEzKqEzFsZA0uiCnv4EnvTFnvcH0uxIFsxIKq" /><g i="32" p="#^rG$v%rGwucEowGBowQzowNytvLxxuLxatLxHr6zAqtAtp6DtpPDtpEEzpuFEprGRp%rGborGlnFFJmTE5mjD5m7C5mYzNmzzVmszVmgzVm7zMm_yDm_yom_ybm6z3mhzUltAzloC3lmD3ljF3loG0muHZmuHbo%uHZu%RIZudJZunJ6vyJfvyJuvyJIvnJSvdJ$vRI$v^rGUqJFHqVEBq6EuqdDuq_AuqKzsrNyasNyatNy5uvzKueAnvDBnvYCnv5ERueFjurG8t" /><g i="33" p="#^pBqr%pB$v%$y$vEy$vuySvkyIvkyuvkyfvuy6vEyZu$yZu%oAZu%oAIh%$yIhEyIhuyzhkyqhkybhkyZguyQgEyGg$yGg%pBGg%pB7q%MFsm%fFsmTEsmJEjmzEamzEYlzEJlJEAlTEqlfFql%xIqlVIql3JAldJJldJYldJam3JjmVIsmxIsm%lHsm%lDOp%pIZu%BJZuZJZu7K6vhKfvhKuvhKIv7KSvZJ$vBJ$v%gG$vVF$vLFSvBFIvBFuvBFfvLF6vVFZugGZu%_GZu%ACrq" /><g i="34" p="#^ZE9g%ZEPi%sDPi%sD9g^1Fsm%XysmzysmpyjmfyamfyXlfyJlpyAlzyqlXyql%2Gql%2GJw2G0ywFUy_ENzVDkA9DIA7CIA%TyIAvyIAlyzAbyqAbybAbyYzlyPzvyGzTyGz%6CGzqDGzdEPy1FZx1FJw" /><g i="35" p="#^nE$v%FC$v%sysm%oxsm1xsmTwjmJwamJwXlJwJlTwAl1xqloxql%eBqlCBqlMBAlWBJlWBYlWBamMBjmCBsmeBsm%yzsm%iDZu%LDZu%rHsm%KFsmnFsmcFjm2Fam2FXl2FJlcFAlnFqlKFql%BJqlZJql7KAlhKJlhKYlhKam7KjmZJsmBJsm%yIsm" /><g i="36" p="#^hD2t%JD2tpE2tUExtnF0unFIunFpvTEUvnEmwJDmw%hDmwBCmw6CTvDBovDBIuDB$t6CxtCC2thD2t" /></glyphs></font><font id="40" name="ArticulateBold"><glyphs><g i="0" p="#^JKKvIJ0wEI9wAHiwJGiwMEiw1DPviBjv_zguHydtWxzraxUpaxwnaxklPxCjtyUhHzIgWAvfHCTetEeeLGeeRHeeVIseZJFeIKYe%sKVhLJuhQIehWH_gNG_gcF_g3EzhWC8icC2jvBXj9B3lQAbmQAhnQAHofBRpGB_qrCPrdDEsiE5toFytJGyt5HytAHwt4IttBIot7JitEJ9t9K0tAKPs%JKKv" /><g i="1" p="#^TGhpTGzoHGSnvG9n5GDmIF5m4FLltEplDDplQCplcCKlBB3mbBCmOA8nBAQnoAwooAepoAgraBusZBHtDDHttEHt5FmtJF0t6GrsvGRrHG2rTGeqTGhp^nKCpnKbrRJrskJHtpIyuvHovgGRv2FiwEDiw8CiwUAQvEzlvLytuTxBtnxnsUw8rUwEpUw1opxNmWxwlQyEkLzMjZAijcCPiDDPi0FPifGhjvHKjpIBkkJslRJKmnK0onKCp" /><g i="2" p="#^nFgmYE6mCE3mgE0mRD0mqC0mNBen8Bro8BEq%8B$v%Ox$v%Ox6j%MA6j%MA1m%QA1mUAulcBVkwBkk_BTjsCpj2D6jFDPilEPi2FPinFVi%nFgm" /><g i="3" p="#^OFhoIFVm1F5mnEgl5DglGBglXA6mdAXm5Aho%OFho^5ABqaAtrvA4sQAHskB4tQBttsCFt4DRtLDRtYERt0Gtt5H5t2Iys%2Igv$GTvRF4wIEiwADiwnCiwbBZv$zEv1zTu3y5utxPsUwwrUwBpUweofx0nDxNlmyRk5zVjdAmjlBPiTCPiyEPiIFljTGSjCHSklIRlGIin$IKo$IBq" /><g i="4" p="#^BGTvQF7wZEcw7EiwfDiwLBiwzAQvozlvzysuLxztjxjsUw2rUwtpUw1ojxQmLxClxyJkjzQjtAkjDBPi5DPiiEPi6FYiWF4jnGej%4GUlEFHl6FylAEplQDplYCpljCKlGB3mfBDmQAbnCAXnoAHooAwpoAlqBA6rOASrdBrsEB0tiCmtYCHtTDHtsEHt9FxtTFmtsG5t%BGTv" /><g i="5" p="#^nF$vTE8wdEdwADiwWCiwYAiwTzcvPy5uPy3s%Pyzl%lwzl%lw6j%Py6j%Pyxg%aCsf%aC6j%8F6j%8Fzl%aCzl%aCBraCHsACbt$CHtODHt7EHtwEDtWEytgFmt%nF$v" /><g i="6" p="%^Jx$vJxxedBxedB$v" /><g i="7" p="#^cG$v%cG_ocGdo7Gzn2GUmOFqmyFXl6FGlGEplZDpl4DplwCRlYBhmEBXmkBBncBko4B3p4BEp%4B$v%Jx$v%Jx6j%UA6j%UASk%YASkdBskBB5kZBKjtCsjZC9jCD_igEPi7FPipHPitIdkyJClyJZn%yJ$v" /></glyphs></font></bwFonts>